Customer,Description,Total_Amount_Excl_VAT,Unit_Price,PCToBCExchangeRate,Quantity,Rackpeople Markup,Rackpeople Markup Unit Price,Rackpeople Markup Total Price,Rackpeople Markup Diff
INTERN A/S,Microsoft 365 New Commerce Promotional Offer Annual - Microsoft 365 Business Premium - new  2/28/2022-3/27/2022  February   ,1674.4,100.72,1,16.62,25.0,125.90,2093.00,418.60
INTERN A/S,Microsoft 365 New Commerce Promotional Offer Annual - Project Plan 3 - new  2/28/2022-3/27/2022  February   ,1255.52,151.04,1,8.31,25.0,188.80,1569.40,313.88
INTERN A/S,Microsoft 365 New Commerce Promotional Offer Annual - Office 365 F3 - new  2/28/2022-3/27/2022  February   ,215.46,20.16,1,10.69,25.0,25.20,269.33,53.87
INTERN A/S,Microsoft 365 New Commerce Promotional Offer Annual - Exchange Online (Plan 1) - new  2/28/2022-3/27/2022  February   ,23.94,20.16,1,1.19,25.0,25.20,29.93,5.99
Nordic Bioscience,Microsoft 365 New Commerce Promotional Offer Annual - Exchange Online (Plan 2) - new  2/28/2022-3/27/2022  February   ,95.58,40.24,1,2.38,9,43.86,104.18,8.60
Nordic Bioscience,Microsoft 365 New Commerce Promotional Offer Annual - Exchange Online (Plan 2) - cancelImmediate  3/3/2022-3/27/2022  February   ,-88.76,40.24,1,-2.21,9,43.86,-96.75,-7.99
Nordic Bioscience,Microsoft 365 New Commerce Promotional Offer Annual - Power BI Pro - new  2/28/2022-3/27/2022  February   ,119.5,50.32,1,2.37,9,54.85,130.26,10.76
Nordic Bioscience,Power; Flow; AAD; AI; Intune; MCAS; Defender IN New Commerce Promotional Offer Annual - Enterprise Mobility + Security E5 - new  2/28/2022-3/27/2022  February   ,196.66,82.8,1,2.38,9,90.25,214.36,17.70
Nordic Bioscience,Microsoft 365 New Commerce Promotional Offer Annual - Exchange Online (Plan 2) - new  2/28/2022-3/27/2022  February   ,95.58,40.24,1,2.38,9,43.86,104.18,8.60
Nordic Bioscience,Microsoft 365 New Commerce Promotional Offer Annual - Common Area Phone - new  2/28/2022-3/27/2022  February   ,621.27,40.24,1,15.44,9,43.86,677.18,55.91
Nordic Bioscience,Microsoft 365 New Commerce Promotional Offer Annual - Microsoft 365 Business Premium - new  2/28/2022-3/27/2022  February   ,8491.6,100.72,1,84.31,9,109.78,9255.84,764.24
Nordic Bioscience,Microsoft 365 New Commerce Promotional Offer Annual - Microsoft 365 Phone System - addQuantity  3/3/2022-3/27/2022  February   ,-1109.68,40.24,1,-27.58,9,43.86,-1209.55,-99.87
Nordic Bioscience,Microsoft 365 New Commerce Promotional Offer Annual - Microsoft 365 Phone System - new  2/28/2022-3/27/2022  February   ,1242.54,40.24,1,30.88,9,43.86,1354.37,111.83
Nordic Bioscience,Microsoft 365 New Commerce Promotional Offer Annual - Office 365 Advanced Threat Protection (Plan 1) - removeQuantity  3/3/2022-3/27/2022  February   ,-1535.94,10.08,1,-152.38,9,10.99,-1674.17,-138.23
Nordic Bioscience,Microsoft 365 New Commerce Promotional Offer Annual - Microsoft 365 Business Standard - new  2/28/2022-3/27/2022  February   ,10017.84,62.96,1,159.11,9,68.63,10919.45,901.61
Nordic Bioscience,Microsoft 365 New Commerce Promotional Offer Annual - Microsoft 365 Business Premium - removeQuantity  3/3/2022-3/27/2022  February   ,-7885.26,100.72,1,-78.29,9,109.78,-8594.93,-709.67
Nordic Bioscience,Microsoft 365 New Commerce Promotional Offer Annual - Exchange Online (Plan 1) - new  2/28/2022-3/27/2022  February   ,71.82,20.16,1,3.56,9,21.97,78.28,6.46
Nordic Bioscience,Microsoft 365 New Commerce Promotional Offer Annual - Project Online Essentials - new  2/28/2022-3/27/2022  February   ,41.9,35.28,1,1.19,9,38.46,45.67,3.77
Nordic Bioscience,Microsoft Teams Rooms Standard - Microsoft Teams Rooms Standard - new  2/28/2022-3/27/2022  February   ,708,94.4,1,7.50,9,102.90,771.72,63.72
Nordic Bioscience,Microsoft 365 New Commerce Promotional Offer Annual - Office 365 Advanced Threat Protection (Plan 1) - new  2/28/2022-3/27/2022  February   ,1653.24,10.08,1,164.01,9,10.99,1802.03,148.79
Nordic Bioscience,Microsoft 365 New Commerce Promotional Offer Annual - Visio Plan 2 - new  2/28/2022-3/27/2022  February   ,896.8,75.52,1,11.88,9,82.32,977.51,80.71
Nordic Bioscience,Microsoft 365 New Commerce Promotional Offer Annual - Microsoft 365 E3 - new  2/28/2022-3/27/2022  February   ,2225.9,187.44,1,11.88,9,204.31,2426.23,200.33
Nordic Bioscience,Microsoft 365 New Commerce Promotional Offer Annual - Visio Plan 2 - addQuantity  3/2/2022-3/27/2022  February   ,-832.8,75.52,1,-11.03,9,82.32,-907.75,-74.95
Nordic Bioscience,Microsoft 365 New Commerce Promotional Offer Annual - Microsoft 365 E5 - new  2/28/2022-3/27/2022  February   ,681.52,286.96,1,2.37,9,312.79,742.86,61.34
Nordic Bioscience,Microsoft 365 New Commerce Promotional Offer Annual - Microsoft 365 Phone System - Virtual User - new  2/28/2022-3/27/2022  February   ,0,0,1,0.00,9,0.00,0.00,0.00
Delfi Technologies A/S,Microsoft 365 New Commerce Promotional Offer Monthly - Microsoft 365 Business Premium - new  2/23/2022-3/22/2022  February   ,503.6,120.86,1,4.17,6.25,128.41,535.08,31.48
Delfi Technologies A/S,Microsoft 365 New Commerce Promotional Offer Annual - Microsoft 365 E3 - new  2/23/2022-3/22/2022  February   ,1335.54,187.44,1,7.13,6.25,199.16,1419.01,83.47
Delfi Technologies A/S,Microsoft 365 New Commerce Promotional Offer Annual - Microsoft 365 F3 - new  2/23/2022-3/11/2022  February   ,1334.46,40.24,1,33.16,6.25,42.76,1417.86,83.40
Delfi Technologies A/S,Microsoft 365 New Commerce Promotional Offer Annual - Microsoft 365 Business Premium - new  2/23/2022-3/8/2022  February   ,4544.8,100.72,1,45.12,6.25,107.02,4828.85,284.05
Delfi Technologies A/S,Microsoft 365 New Commerce Promotional Offer Monthly - Microsoft 365 F3 - new  2/23/2022-3/22/2022  February   ,100.6,48.29,1,2.08,6.25,51.31,106.89,6.29
Delfi Technologies A/S,Microsoft 365 New Commerce Promotional Offer Annual - Power BI Pro - new  2/23/2022-3/22/2022  February   ,298.75,50.32,1,5.94,6.25,53.47,317.42,18.67
Delfi Technologies A/S,Microsoft 365 New Commerce Promotional Offer Annual - Microsoft 365 F3 - cancelImmediate  2/24/2022-3/11/2022  February   ,-1256.26,40.24,1,-31.22,6.25,42.76,-1334.78,-78.52
Delfi Technologies A/S,Microsoft 365 New Commerce Promotional Offer Annual - Microsoft 365 Business Premium - new  2/24/2022-3/23/2022  February   ,9089.6,100.72,1,90.25,6.25,107.02,9657.70,568.10
Delfi Technologies A/S,Microsoft 365 New Commerce Promotional Offer Annual - Project Plan 5 - cancelImmediate  2/22/2022-2/21/2023  February   ,-19727.7,3322.56,1,-5.94,6.25,3530.22,-20960.68,-1232.98
Delfi Technologies A/S,Microsoft 365 New Commerce Promotional Offer Annual - Project Plan 5 - new  2/22/2022-2/21/2023  February   ,19727.7,3322.56,1,5.94,6.25,3530.22,20960.68,1232.98
Delfi Technologies A/S,Microsoft 365 New Commerce Promotional Offer Annual - Exchange Online (Plan 1) - new  2/23/2022-3/22/2022  February   ,23.94,20.16,1,1.19,6.25,21.42,25.44,1.50
Delfi Technologies A/S,Microsoft 365 New Commerce Promotional Offer Annual - Microsoft 365 Business Premium - cancelImmediate  2/24/2022-3/8/2022  February   ,-4221.04,100.72,1,-41.91,6.25,107.02,-4484.86,-263.82
Delfi Technologies A/S,Microsoft 365 New Commerce Promotional Offer Annual - Microsoft 365 F3 - new  2/24/2022-3/23/2022  February   ,2198.34,40.24,1,54.63,6.25,42.76,2335.74,137.40
AVS Danmark,Microsoft 365 New Commerce Promotional Offer Annual - Office 365 E3 - new  2/28/2022-3/27/2022  February   ,139.18,117.2,1,1.19,22,142.98,169.80,30.62
AVS Danmark,Microsoft 365 New Commerce Promotional Offer Annual - Office 365 Advanced Threat Protection (Plan 1) - new  2/28/2022-2/27/2023  February   ,2441.88,120.96,1,20.19,22,147.57,2979.09,537.21
AVS Danmark,Microsoft 365 New Commerce Promotional Offer Annual - Exchange Online (Plan 1) - new  2/28/2022-3/27/2022  February   ,95.76,20.16,1,4.75,22,24.60,116.83,21.07
AVS Danmark,Microsoft 365 New Commerce Promotional Offer Monthly - Microsoft 365 Business Standard - new  2/28/2022-3/27/2022  February   ,78.7,75.55,1,1.04,22,92.17,96.01,17.31
AVS Danmark,Microsoft 365 New Commerce Promotional Offer Annual - Office 365 Advanced Threat Protection (Plan 1) - new  2/28/2022-2/27/2023  February   ,430.92,120.96,1,3.56,22,147.57,525.72,94.80
AVS Danmark,Microsoft 365 New Commerce Promotional Offer Annual - Office 365 Advanced Threat Protection (Plan 1) - new  2/28/2022-3/27/2022  February   ,239.6,10.08,1,23.77,22,12.30,292.31,52.71
AVS Danmark,Microsoft 365 New Commerce Promotional Offer Annual - Exchange Online (Plan 1) - new  2/28/2022-3/27/2022  February   ,95.76,20.16,1,4.75,22,24.60,116.83,21.07
AVS Danmark,Microsoft 365 New Commerce Promotional Offer Annual - Microsoft 365 Business Standard - new  2/28/2022-3/27/2022  February   ,1196.16,62.96,1,19.00,22,76.81,1459.32,263.16
AVS Danmark,Microsoft 365 New Commerce Promotional Offer Annual - Microsoft 365 Business Standard - new  2/28/2022-3/27/2022  February   ,1196.16,62.96,1,19.00,22,76.81,1459.32,263.16
AVS Danmark,Microsoft 365 New Commerce Promotional Offer Annual - Microsoft 365 Business Basic - new  2/28/2022-3/27/2022  February   ,29.93,25.2,1,1.19,22,30.74,36.51,6.58
AVS Danmark,Azure App Service gratis plan - Azure App Service gratis plan-F1 - new  2/1/2022-2/28/2022  February   ,0,0,6.67595,0.00,22,0.00,0.00,0.00
AVS Danmark,Tabeller - Tabeller - LRS - new 2/1/2022-2/28/2022  February   ,0,0.00036,6.67595,0.00,22,0.00,0.00,0.00
AVS Danmark,Tabeller - Tabeller - LRS - new 2/1/2022-2/28/2022  February   ,0,0.00036,6.67595,0.00,22,0.00,0.00,0.00
AVS Danmark,Tabeller - Tabeller - LRS - new 2/1/2022-2/28/2022  February   ,0,0.045,6.67595,0.00,22,0.37,0.00,0.00
AVS Danmark,Microsoft Defender for SQL - Microsoft Defender for SQL-Standard - new  2/1/2022-2/28/2022  February   ,95.88,15,6.67595,0.96,22,122.17,116.97,21.09
AVS Danmark,Backup - Backup-Server i det lokale miljø -Det vestlige Europa - new  2/1/2022-2/28/2022  February   ,64,10,6.67595,0.96,22,81.45,78.08,14.08
AVS Danmark,Backup - Backup-Standard  - new 2/1/2022-2/28/2022  February   ,398.3,0.0448,6.67595,1331.74,22,0.36,485.93,87.63
AVS Danmark,SQL Server Developer Edition - SQL Server Developer Edition - new  2/1/2022-2/28/2022  February   ,0,0,6.67595,0.00,22,0.00,0.00,0.00
AVS Danmark,Bandwidth - Bandwidth - new 2/1/2022-2/28/2022  February   ,0,0,6.67595,0.00,22,0.00,0.00,0.00
AVS Danmark,Blob Storage - Blob Storage - Varm LRS - Det nordlige Europa - new  2/1/2022-2/28/2022  February   ,691.2,0.022,6.67595,4706.17,22,0.18,843.26,152.06
AVS Danmark,IP-adresser - IP-adresser-Basis  - new 2/1/2022-2/28/2022  February   ,19.03,0.004,6.67595,712.63,22,0.03,23.22,4.19
AVS Danmark,Backup - Backup-Azure VM  - new 2/1/2022-2/28/2022  February   ,64,10,6.67595,0.96,22,81.45,78.08,14.08
AVS Danmark,Båndbredde mellem områder - Båndbredde mellem områder - På kontinenter - Europa - new  2/1/2022-2/28/2022  February   ,1.08,0.02,6.67595,8.09,22,0.16,1.32,0.24
AVS Danmark,Filer - Filer - LRS - new 2/1/2022-2/28/2022  February   ,2.08,0.06,6.67595,5.19,22,0.49,2.54,0.46
AVS Danmark,Blob Storage - Blob Storage - Varm LRS - Det nordlige Europa - new  2/1/2022-2/28/2022  February   ,1.41,0.004,6.67595,52.80,22,0.03,1.72,0.31
AVS Danmark,Båndbredde mellem områder - Båndbredde mellem områder - Mellem kontinenter - Interkontinental - new  2/1/2022-2/28/2022  February   ,0,0.05,6.67595,0.00,22,0.41,0.00,0.00
AVS Danmark,Tabeller - Tabeller - LRS - new 2/1/2022-2/28/2022  February   ,0,0.00036,6.67595,0.00,22,0.00,0.00,0.00
AVS Danmark,IP-adresser - IP-adresser-Standard  - new 2/1/2022-2/28/2022  February   ,23.78,0.005,6.67595,712.41,22,0.04,29.01,5.23
AVS Danmark,Blob Storage - Blob Storage - Varm LRS - Det nordlige Europa - new  2/1/2022-2/28/2022  February   ,0,0.05,6.67595,0.00,22,0.41,0.00,0.00
AVS Danmark,Azure App Service Standard Plan - Azure App Service Standard Plan-S1 - new  2/1/2022-2/28/2022  February   ,476.66,0.1,6.67595,714.00,22,0.81,581.53,104.87
AVS Danmark,Bandwidth - Bandwidth - new 2/1/2022-2/28/2022  February   ,0,0.087,6.67595,0.00,22,0.71,0.00,0.00
AVS Danmark,VPN Gateway - VPN Gateway-VpnGw1  - new 2/1/2022-2/28/2022  February   ,905.59,0.19,6.67595,713.95,22,1.55,1104.82,199.23
AVS Danmark,Blob Storage - Blob Storage - Varm LRS - Det nordlige Europa - new  2/1/2022-2/28/2022  February   ,0,0.004,6.67595,0.00,22,0.03,0.00,0.00
AVS Danmark,Tabeller - Tabeller - LRS - new 2/1/2022-2/28/2022  February   ,0,0.00036,6.67595,0.00,22,0.00,0.00,0.00
AVS Danmark,SQL Database Enkelt Standard - SQL Database Enkelt Standard - S2 - new  2/1/2022-2/28/2022  February   ,479.91,2.42,6.67595,29.71,22,19.71,585.49,105.58
AVS Danmark,Tabeller - Tabeller - LRS - new 2/1/2022-2/28/2022  February   ,0,0.00036,6.67595,0.00,22,0.00,0.00,0.00
AVS Danmark,Premium SSD-administrerede diske - Premium SSD-administrerede diske-P10 -Det nordlige Europa - new  2/1/2022-2/28/2022  February   ,559.1,19.71,6.67595,4.25,22,160.53,682.10,123.00
AVS Danmark,Azure Hybrid Benefit til SQL Server - Azure Hybrid Benefit til SQL Server-Standard-udgave - new  2/1/2022-2/28/2022  February   ,0,0,6.67595,0.00,22,0.00,0.00,0.00
AVS Danmark,Virtual Machines Dav4-serien - Virtual Machines Dav4-serien - D4a v4 - Det nordlige Europa - new  2/1/2022-2/28/2022  February   ,2039.91,0.214,6.67595,1427.86,22,1.74,2488.69,448.78
AVS Danmark,Bandwidth - Bandwidth - new 2/1/2022-2/28/2022  February   ,24.2,0.087,6.67595,41.67,22,0.71,29.52,5.32
AVS Danmark,SQL Database Enkelt Standard - SQL Database Enkelt Standard - S0 - new  2/1/2022-2/28/2022  February   ,95.79,0.4839,6.67595,29.65,22,3.94,116.86,21.07
AVS Danmark,Blob Storage - Blob Storage - Varm LRS - Det nordlige Europa - new  2/1/2022-2/28/2022  February   ,18.44,0.05,6.67595,55.24,22,0.41,22.50,4.06
AVS Danmark,Premium SSD-administrerede diske - Premium SSD-administrerede diske-P6 -Det nordlige Europa - new  2/1/2022-2/28/2022  February   ,144.78,10.207,6.67595,2.12,22,83.13,176.63,31.85
AVS Danmark,Premium SSD-administrerede diske - Premium SSD-administrerede diske-Snapshots -Det nordlige Europa - new  2/1/2022-2/28/2022  February   ,1.5,0.132,6.67595,1.70,22,1.08,1.83,0.33
AVS Danmark,Premium-filer - Premium-filer - LRS - Det vestlige Europa - new  2/1/2022-2/28/2022  February   ,136.19,0.192,6.67595,106.25,22,1.56,166.15,29.96
Bendix Transport,Microsoft 365 New Commerce Promotional Offer Annual - Office 365 E3 - new  2/28/2022-3/27/2022  February   ,5567.2,117.2,1,47.50,25.0,146.50,6959.00,1391.80
Bendix Transport,Microsoft 365 New Commerce Promotional Offer Annual - Enterprise Mobility + Security E3 - new  2/28/2022-3/27/2022  February   ,2527.2,53.2,1,47.50,25.0,66.50,3159.00,631.80
Bendix Transport,Microsoft 365 New Commerce Promotional Offer Annual - Exchange Online (Plan 1) - new  2/28/2022-3/27/2022  February   ,95.76,20.16,1,4.75,25.0,25.20,119.70,23.94
CO:PLAY Advokatpartnerselskab,Microsoft 365 New Commerce Promotional Offer Annual - Power BI Pro - new  2/28/2022-3/27/2022  February   ,239,50.32,1,4.75,25.0,62.90,298.75,59.75
CO:PLAY Advokatpartnerselskab,Microsoft 365 New Commerce Promotional Offer Annual - Exchange Online (Plan 1) - new  2/28/2022-3/27/2022  February   ,71.82,20.16,1,3.56,25.0,25.20,89.78,17.96
CO:PLAY Advokatpartnerselskab,Microsoft Teams Rooms Standard - Microsoft Teams Rooms Standard - new  2/28/2022-3/27/2022  February   ,118,94.4,1,1.25,25.0,118.00,147.50,29.50
CO:PLAY Advokatpartnerselskab,Microsoft 365 New Commerce Promotional Offer Annual - Office 365 E1 - new  2/28/2022-3/27/2022  February   ,47.79,40.24,1,1.19,25.0,50.30,59.74,11.95
CO:PLAY Advokatpartnerselskab,Microsoft 365 New Commerce Promotional Offer Annual - Microsoft 365 E3 - new  2/28/2022-3/27/2022  February   ,4674.39,187.44,1,24.94,25.0,234.30,5842.99,1168.60
Grønbech & Sønner,Microsoft 365 New Commerce Promotional Offer Annual - Exchange Online (Plan 2) - new  2/28/2022-3/27/2022  February   ,47.79,40.24,1,1.19,25.0,50.30,59.74,11.95
Grønbech & Sønner,Microsoft 365 New Commerce Promotional Offer Annual - Microsoft 365 Phone System - new  2/28/2022-3/27/2022  February   ,3440.88,40.24,1,85.51,25.0,50.30,4301.10,860.22
Grønbech & Sønner,Microsoft 365 New Commerce Promotional Offer Annual - Exchange Online Kiosk - new  2/28/2022-3/27/2022  February   ,11.98,10.08,1,1.19,25.0,12.60,14.98,3.00
Grønbech & Sønner,Microsoft 365 New Commerce Promotional Offer Annual - Power BI Pro - new  2/28/2022-3/27/2022  February   ,537.75,50.32,1,10.69,25.0,62.90,672.19,134.44
Grønbech & Sønner,Microsoft 365 New Commerce Promotional Offer Annual - Microsoft 365 F1 - new  2/28/2022-3/27/2022  February   ,13.49,11.36,1,1.19,25.0,14.20,16.86,3.37
Grønbech & Sønner,Microsoft 365 New Commerce Promotional Offer Annual - Visio Plan 2 - new  2/28/2022-3/27/2022  February   ,448.4,75.52,1,5.94,25.0,94.40,560.50,112.10
Grønbech & Sønner,Microsoft 365 New Commerce Promotional Offer Annual - Office 365 E3 - new  2/28/2022-3/27/2022  February   ,139.18,117.2,1,1.19,25.0,146.50,173.98,34.80
Grønbech & Sønner,Microsoft Teams Rooms Standard - Microsoft Teams Rooms Standard - new  2/28/2022-3/27/2022  February   ,118,94.4,1,1.25,25.0,118.00,147.50,29.50
Grønbech & Sønner,Microsoft 365 New Commerce Promotional Offer Annual - Microsoft 365 Business Premium - new  2/28/2022-3/27/2022  February   ,20451.6,100.72,1,203.05,25.0,125.90,25564.50,5112.90
BP&CoHolding,Microsoft 365 New Commerce Promotional Offer Annual - Microsoft 365 Business Standard - cancelImmediate  2/24/2022-6/4/2022  February   ,-496.54,755.52,1,-0.66,25.0,944.40,-620.68,-124.14
BP&CoHolding,Microsoft 365 New Commerce Promotional Offer Annual - Microsoft 365 Business Standard - new  2/22/2022-6/4/2022  February   ,506.36,755.52,1,0.67,25.0,944.40,632.95,126.59
BP&CoHolding,Microsoft 365 New Commerce Promotional Offer Annual - Exchange Online (Plan 1) - new  2/22/2022-6/4/2022  February   ,81.06,241.92,1,0.34,25.0,302.40,101.33,20.27
BP&CoHolding,Microsoft 365 New Commerce Promotional Offer Annual - Exchange Online (Plan 1) - cancelImmediate  2/24/2022-6/4/2022  February   ,-79.5,241.92,1,-0.33,25.0,302.40,-99.38,-19.88
BP&CoHolding,Microsoft 365 New Commerce Promotional Offer Annual - Exchange Online (Plan 1) - new  2/24/2022-2/23/2023  February   ,287.28,241.92,1,1.19,25.0,302.40,359.10,71.82
BP&CoHolding,Microsoft 365 New Commerce Promotional Offer Annual - Microsoft 365 Business Standard - new  2/24/2022-2/23/2023  February   ,1794.36,755.52,1,2.38,25.0,944.40,2242.95,448.59
make Rehab A/S,Microsoft 365 New Commerce Promotional Offer Annual - Microsoft 365 Business Premium - new  2/28/2022-3/27/2022  February   ,598,100.72,1,5.94,25.0,125.90,747.50,149.50
Gammelbys,Microsoft 365 New Commerce Promotional Offer Monthly - Microsoft 365 Business Premium - new  2/28/2022-3/27/2022  February   ,251.8,120.86,1,2.08,12.5,135.97,283.28,31.48
Gammelbys,Microsoft 365 New Commerce Promotional Offer Annual - Microsoft 365 Apps for business - new  2/28/2022-3/27/2022  February   ,62.51,52.64,1,1.19,12.5,59.22,70.32,7.81
Gammelbys,Microsoft 365 New Commerce Promotional Offer Annual - Microsoft 365 Business Premium - new  2/28/2022-3/27/2022  February   ,1435.2,100.72,1,14.25,12.5,113.31,1614.60,179.40
Gammelbys,Microsoft 365 New Commerce Promotional Offer Annual - Exchange Online (Plan 1) - new  2/28/2022-3/27/2022  February   ,167.58,20.16,1,8.31,12.5,22.68,188.53,20.95
Gammelbys,Microsoft 365 New Commerce Promotional Offer Annual - Microsoft 365 Business Basic - new  2/28/2022-3/27/2022  February   ,29.93,25.2,1,1.19,12.5,28.35,33.67,3.74
Gammelbys,Microsoft 365 New Commerce Promotional Offer Annual - Office 365 F3 - new  2/28/2022-3/27/2022  February   ,23.94,20.16,1,1.19,12.5,22.68,26.93,2.99
Gammelbys,Microsoft 365 New Commerce Promotional Offer Annual - Microsoft 365 Phone System - new  2/28/2022-3/27/2022  February   ,621.27,40.24,1,15.44,12.5,45.27,698.93,77.66
PrimeAssurance AS,Microsoft 365 New Commerce Promotional Offer Annual - Microsoft 365 Business Premium - new  2/28/2022-3/27/2022  February   ,598,100.72,1,5.94,25.0,125.90,747.50,149.50
PrimeAssurance AS,Microsoft 365 New Commerce Promotional Offer Annual - Microsoft 365 Business Standard - new  2/28/2022-3/27/2022  February   ,74.76,62.96,1,1.19,25.0,78.70,93.45,18.69
Atcom Aps,Microsoft 365 New Commerce Promotional Offer Annual - Microsoft 365 E5 - new  2/28/2022-3/27/2022  February   ,4429.88,286.96,1,15.44,18.75,340.77,5260.48,830.60
Atcom Aps,Microsoft 365 New Commerce Promotional Offer Annual - Exchange Online (Plan 1) - new  2/28/2022-3/27/2022  February   ,47.88,20.16,1,2.38,18.75,23.94,56.86,8.98
Atcom Aps,Microsoft 365 New Commerce Promotional Offer Annual - Visio Plan 2 - new  2/28/2022-3/27/2022  February   ,986.48,75.52,1,13.06,18.75,89.68,1171.45,184.97
Atcom Aps,Microsoft 365 New Commerce Promotional Offer Monthly - Visio Plan 2 - new  2/28/2022-3/27/2022  February   ,283.2,90.62,1,3.13,18.75,107.61,336.30,53.10
Atcom Aps,Microsoft 365 New Commerce Promotional Offer Monthly - Microsoft 365 E5 - new  2/28/2022-3/27/2022  February   ,1076.07,344.35,1,3.12,18.75,408.92,1277.83,201.76
Nord Tech Industrisystemer,Microsoft 365 New Commerce Promotional Offer Annual - Exchange Online (Plan 1) - new  2/25/2022-2/24/2023  February   ,287.28,241.92,1,1.19,7,258.85,307.39,20.11
Nord Tech Industrisystemer,Microsoft 365 Business Premium - Microsoft 365 Business Premium - renew  2/17/2022-3/16/2022  February   ,3021.6,120.86,1,25.00,7,129.32,3233.11,211.51
Nord Tech Industrisystemer,Microsoft Teams Phone Standard - Microsoft Teams Phone Standard - renew  2/12/2022-3/11/2022  February   ,1327.92,48.29,1,27.50,7,51.67,1420.87,92.95
Nord Tech Industrisystemer,Visio Plan 2 - Visio Plan 2 - renew 2/17/2022-3/16/2022  February   ,113.28,90.62,1,1.25,7,96.96,121.21,7.93
Nord Tech Industrisystemer,Microsoft 365 Business Basic - Microsoft 365 Business Basic - renew  2/17/2022-3/16/2022  February   ,113.4,30.24,1,3.75,7,32.36,121.34,7.94
GOSH Copenhagen,Microsoft 365 New Commerce Promotional Offer Annual - Microsoft 365 Phone System - new  2/28/2022-3/27/2022  February   ,2198.34,40.24,1,54.63,9,43.86,2396.19,197.85
GOSH Copenhagen,Microsoft 365 New Commerce Promotional Offer Monthly - Microsoft 365 Business Basic - new  2/28/2022-3/27/2022  February   ,63,30.24,1,2.08,9,32.96,68.67,5.67
GOSH Copenhagen,Microsoft 365 New Commerce Promotional Offer Monthly - Microsoft 365 Business Premium - new  2/28/2022-3/27/2022  February   ,377.7,120.86,1,3.13,9,131.74,411.69,33.99
GOSH Copenhagen,Microsoft 365 New Commerce Promotional Offer Annual - Microsoft 365 Business Basic - new  2/28/2022-3/27/2022  February   ,359.16,25.2,1,14.25,9,27.47,391.48,32.32
GOSH Copenhagen,Microsoft 365 New Commerce Promotional Offer Annual - Power BI Pro - new  2/28/2022-3/27/2022  February   ,717,50.32,1,14.25,9,54.85,781.53,64.53
GOSH Copenhagen,Microsoft Teams Phone Standard - Microsoft Teams Phone Standard - new  2/28/2022-3/27/2022  February   ,181.08,48.29,1,3.75,9,52.64,197.38,16.30
GOSH Copenhagen,Microsoft 365 New Commerce Promotional Offer Annual - Microsoft 365 Business Premium - new  2/28/2022-3/27/2022  February   ,5382,100.72,1,53.44,9,109.78,5866.38,484.38
GOSH Copenhagen,Microsoft 365 New Commerce Promotional Offer Annual - Microsoft 365 Business Standard - new  2/28/2022-3/27/2022  February   ,672.84,62.96,1,10.69,9,68.63,733.40,60.56
BLS Capital Management,Microsoft 365 New Commerce Promotional Offer Annual - Microsoft 365 Phone System - Virtual User - new  2/28/2022-3/27/2022  February   ,0,0,1,0.00,85,0.00,0.00,0.00
BLS Capital Management,Dynamics 365 CRM New Commerce Promotional Offer Annual - Dynamics 365 Sales Enterprise Edition - new  2/28/2022-3/27/2022  February   ,532.5,448.43,1,1.19,85,829.60,985.13,452.63
BLS Capital Management,Microsoft 365 New Commerce Promotional Offer Annual - Compliance Manager Premium Assessment Add-On - new  2/28/2022-3/27/2022  February   ,29893.66,12586.8,1,2.38,85,23285.58,55303.27,25409.61
BLS Capital Management,Microsoft 365 New Commerce Promotional Offer Annual - Microsoft 365 E3 - new  2/28/2022-3/27/2022  February   ,7122.88,187.44,1,38.00,85,346.76,13177.33,6054.45
BLS Capital Management,Microsoft 365 New Commerce Promotional Offer Annual - Exchange Online (Plan 1) - new  2/28/2022-3/27/2022  February   ,335.16,20.16,1,16.63,85,37.30,620.05,284.89
BLS Capital Management,Microsoft 365 New Commerce Promotional Offer Annual - Microsoft 365 Phone System - new  2/28/2022-3/27/2022  February   ,1338.12,40.24,1,33.25,85,74.44,2475.52,1137.40
BLS Capital Management,Microsoft 365 New Commerce Promotional Offer Annual - Exchange Online (Plan 2) - new  2/28/2022-3/27/2022  February   ,669.06,40.24,1,16.63,85,74.44,1237.76,568.70
BLS Capital Management,Microsoft 365 New Commerce Promotional Offer Annual - Exchange Online (Plan 1) - cancelImmediate  2/28/2022-3/27/2022  February   ,-335.16,20.16,1,-16.63,85,37.30,-620.05,-284.89
BLS Capital Management,Tables - Tables - LRS - new 2/1/2022-2/28/2022  February   ,0,0.045,6.67595,0.00,85,0.56,0.00,0.00
BLS Capital Management,Standard SSD Managed Disks - Standard SSD Managed Disks - E30 LRS - EU West - new  2/1/2022-2/28/2022  February   ,544.66,76.8,6.67595,1.06,85,948.52,1007.62,462.96
BLS Capital Management,Files - Files - LRS - new 2/1/2022-2/28/2022  February   ,0,0.0015,6.67595,0.00,85,0.02,0.00,0.00
BLS Capital Management,Blob Storage - Blob Storage - Hot LRS - EU West - new  2/1/2022-2/28/2022  February   ,2.16,0.0043,6.67595,75.24,85,0.05,4.00,1.84
BLS Capital Management,Standard Page Blob v2 - Standard Page Blob v2 - GRS - EU West - new  2/1/2022-2/28/2022  February   ,0,0.00054,6.67595,0.00,85,0.01,0.00,0.00
BLS Capital Management,Blob Storage - Blob Storage - Hot LRS - EU West - new  2/1/2022-2/28/2022  February   ,0,0.0043,6.67595,0.00,85,0.05,0.00,0.00
BLS Capital Management,Bandwidth Inter-Region - Bandwidth Inter-Region - Inter Continent - Intercontinental - new  2/1/2022-2/28/2022  February   ,0,0.05,6.67595,0.00,85,0.62,0.00,0.00
BLS Capital Management,IP Addresses - IP Addresses - Basic - new 2/1/2022-2/28/2022  February   ,34.29,0.0036,6.67595,1426.76,85,0.04,63.44,29.15
BLS Capital Management,Tables - Tables - RA-GRS - new 2/1/2022-2/28/2022  February   ,0,0.075,6.67595,0.00,85,0.93,0.00,0.00
BLS Capital Management,Standard Page Blob v2 - Standard Page Blob v2 - LRS - EU West - new  2/1/2022-2/28/2022  February   ,0,0.00054,6.67595,0.00,85,0.01,0.00,0.00
BLS Capital Management,General Block Blob - General Block Blob - LRS - new  2/1/2022-2/28/2022  February   ,0,0.00036,6.67595,0.00,85,0.00,0.00,0.00
BLS Capital Management,Bandwidth - Bandwidth - new 2/1/2022-2/28/2022  February   ,11.76,0.087,6.67595,20.25,85,1.07,21.76,10.00
BLS Capital Management,Standard SSD Managed Disks - Standard SSD Managed Disks - E4 LRS - new  2/1/2022-2/28/2022  February   ,24.53,0.002,6.67595,1837.19,85,0.02,45.38,20.85
BLS Capital Management,Tables - Tables - LRS - new 2/1/2022-2/28/2022  February   ,0,0.00036,6.67595,0.00,85,0.00,0.00,0.00
BLS Capital Management,Azure Active Directory Domain Services - Azure Active Directory Domain Services - Standard - new  2/1/2022-2/28/2022  February   ,612.6,0.15,6.67595,611.75,85,1.85,1133.31,520.71
BLS Capital Management,Standard HDD Managed Disks - Standard HDD Managed Disks - S4 LRS - EU West - new  2/1/2022-2/28/2022  February   ,10.84,1.536,6.67595,1.06,85,18.97,20.05,9.21
BLS Capital Management,Files - Files - LRS - new 2/1/2022-2/28/2022  February   ,2.08,0.06,6.67595,5.19,85,0.74,3.85,1.77
BLS Capital Management,Bandwidth Inter-Region - Bandwidth Inter-Region - Intra Continent - Europe - new  2/1/2022-2/28/2022  February   ,0,0.02,6.67595,0.00,85,0.25,0.00,0.00
BLS Capital Management,IP Addresses - IP Addresses - Basic - new 2/1/2022-2/28/2022  February   ,19.03,0.004,6.67595,712.63,85,0.05,35.21,16.18
BLS Capital Management,Backup - Backup - On Premises Server - EU West - new  2/1/2022-2/28/2022  February   ,64,10,6.67595,0.96,85,123.51,118.40,54.40
BLS Capital Management,Storage - Bandwidth - Storage - Bandwidth - Geo-Replication - EU West - new  2/1/2022-2/28/2022  February   ,0,0,6.67595,0.00,85,0.00,0.00,0.00
BLS Capital Management,Backup - Backup - Standard - new 2/1/2022-2/28/2022  February   ,97.3,0.0448,6.67595,325.33,85,0.55,180.01,82.71
BLS Capital Management,Key Vault - Key Vault - Premium - new 2/1/2022-2/28/2022  February   ,0,0.03,6.67595,0.00,85,0.37,0.00,0.00
BLS Capital Management,Blob Storage - Blob Storage - Hot LRS - EU West - new  2/1/2022-2/28/2022  February   ,0,0.0196,6.67595,0.00,85,0.24,0.00,0.00
BLS Capital Management,SQL Server Standard - SQL Server Standard - 1-4 vCPU VM - new  2/1/2022-2/28/2022  February   ,1886.61,0.4,6.67595,706.49,85,4.94,3490.23,1603.62
BLS Capital Management,Premium SSD Managed Disks - Premium SSD Managed Disks - P6 - EU West - new  2/1/2022-2/28/2022  February   ,78.03,11.2272,6.67595,1.04,85,138.66,144.36,66.33
BLS Capital Management,Premium SSD Managed Disks - Premium SSD Managed Disks - P10 - EU West - new  2/1/2022-2/28/2022  February   ,301.58,21.68,6.67595,2.08,85,267.76,557.92,256.34
BLS Capital Management,Standard Page Blob - Standard Page Blob - LRS - new  2/1/2022-2/28/2022  February   ,0,0.00036,6.67595,0.00,85,0.00,0.00,0.00
BLS Capital Management,General Block Blob - General Block Blob - LRS - new  2/1/2022-2/28/2022  February   ,0.16,0.00036,6.67595,66.57,85,0.00,0.30,0.14
BLS Capital Management,Tables - Tables - LRS - new 2/1/2022-2/28/2022  February   ,0,0.00036,6.67595,0.00,85,0.00,0.00,0.00
BLS Capital Management,Queues v2 - Queues v2 - LRS - EU West - new 2/1/2022-2/28/2022  February   ,0,0.004,6.67595,0.00,85,0.05,0.00,0.00
BLS Capital Management,Bandwidth - Bandwidth - new 2/1/2022-2/28/2022  February   ,0,0,6.67595,0.00,85,0.00,0.00,0.00
BLS Capital Management,Standard HDD Managed Disks - Standard HDD Managed Disks - S4 LRS - new  2/1/2022-2/28/2022  February   ,0.41,0.0005,6.67595,122.83,85,0.01,0.76,0.35
BLS Capital Management,Standard SSD Managed Disks - Standard SSD Managed Disks - E10 LRS - EU West - new  2/1/2022-2/28/2022  February   ,68,9.6,6.67595,1.06,85,118.56,125.80,57.80
BLS Capital Management,Storage - Bandwidth - Storage - Bandwidth - Geo-Replication v2 - EU West - new  2/1/2022-2/28/2022  February   ,3.25,0.02,6.67595,24.34,85,0.25,6.01,2.76
BLS Capital Management,IP Addresses - IP Addresses - Standard - new 2/1/2022-2/28/2022  February   ,46.73,0.005,6.67595,1399.95,85,0.06,86.45,39.72
BLS Capital Management,Virtual Machines Av2 Series Windows - Virtual Machines Av2 Series Windows - A4 v2 - EU West - new  2/1/2022-2/28/2022  February   ,1305.89,0.274,6.67595,713.91,85,3.38,2415.90,1110.01
BLS Capital Management,Blob Storage - Blob Storage - Hot LRS - EU West - new  2/1/2022-2/28/2022  February   ,0.83,0.054,6.67595,2.30,85,0.67,1.54,0.71
BLS Capital Management,Blob Storage - Blob Storage - Hot LRS - EU West - new  2/1/2022-2/28/2022  February   ,0,0.054,6.67595,0.00,85,0.67,0.00,0.00
BLS Capital Management,Service Bus - Service Bus - Standard - new 2/1/2022-2/28/2022  February   ,62.08,0.013441,6.67595,691.84,85,0.17,114.85,52.77
BLS Capital Management,Tables - Tables - LRS - new 2/1/2022-2/28/2022  February   ,0,0.00036,6.67595,0.00,85,0.00,0.00,0.00
BLS Capital Management,Bandwidth - Bandwidth - new 2/1/2022-2/28/2022  February   ,0,0.087,6.67595,0.00,85,1.07,0.00,0.00
BLS Capital Management,Virtual Machines Dv2 Series Windows - Virtual Machines Dv2 Series Windows - D2 v2 - EU West - new  2/1/2022-2/28/2022  February   ,2489.2,0.266,6.67595,1401.73,85,3.29,4605.02,2115.82
BLS Capital Management,Service Bus - Service Bus - Standard - new 2/1/2022-2/28/2022  February   ,0,0.8,6.67595,0.00,85,9.88,0.00,0.00
BLS Capital Management,Tables - Tables - GRS - new 2/1/2022-2/28/2022  February   ,0,0.00036,6.67595,0.00,85,0.00,0.00,0.00
BLS Capital Management,Log Analytics - Log Analytics - Pay-as-you-go - EU West - new  2/1/2022-2/28/2022  February   ,0,2.99,6.67595,0.00,85,36.93,0.00,0.00
BLS Capital Management,Standard Page Blob v2 - Standard Page Blob v2 - RA-GRS - EU West - new  2/1/2022-2/28/2022  February   ,0.66,0.075,6.67595,1.32,85,0.93,1.22,0.56
BLS Capital Management,Standard Page Blob - Standard Page Blob - LRS - new  2/1/2022-2/28/2022  February   ,0,0.00036,6.67595,0.00,85,0.00,0.00,0.00
BLS Capital Management,Virtual Machines BS Series - Virtual Machines BS Series - B2s - EU West - new  2/1/2022-2/28/2022  February   ,228.4,0.048,6.67595,712.76,85,0.59,422.54,194.14
adapterdevelopment,Microsoft 365 New Commerce Promotional Offer Annual - Microsoft 365 Business Premium - new  2/23/2022-2/22/2023  February   ,1435.26,1208.64,1,1.19,25.0,1510.80,1794.08,358.82
adapterdevelopment,Microsoft 365 New Commerce Promotional Offer Annual - Exchange Online (Plan 1) - new  2/23/2022-1/22/2023  February   ,262.88,241.92,1,1.09,25.0,302.40,328.60,65.72
Personalegruppen A/S,Microsoft 365 New Commerce Promotional Offer Monthly - Office 365 E1 - new  2/28/2022-3/17/2022  February   ,64.68,48.29,1,1.34,25.0,60.36,80.85,16.17
Personalegruppen A/S,Microsoft 365 New Commerce Promotional Offer Annual - Skype for Business Plus CAL - new  2/28/2022-3/17/2022  February   ,69.3,10.08,1,6.88,25.0,12.60,86.63,17.33
Personalegruppen A/S,Microsoft 365 New Commerce Promotional Offer Monthly - Microsoft 365 Business Premium - new  2/28/2022-3/27/2022  February   ,4658.3,120.86,1,38.54,25.0,151.08,5822.88,1164.58
Personalegruppen A/S,Microsoft 365 New Commerce Promotional Offer Monthly - Power BI Premium Per User - new  2/28/2022-3/16/2022  February   ,76.44,120.86,1,0.63,25.0,151.08,95.55,19.11
Personalegruppen A/S,Skype for Business Plus CAL - Skype for Business Plus CAL - new  2/28/2022-3/27/2022  February   ,136.17,12.1,1,11.25,25.0,15.13,170.21,34.04
Personalegruppen A/S,Microsoft Teams Phone Standard - Virtual User - Microsoft Teams Phone Standard - Virtual User - new  2/28/2022-3/27/2022  February   ,0,0,1,0.00,25.0,0.00,0.00,0.00
Personalegruppen A/S,Microsoft 365 New Commerce Promotional Offer Monthly - Power BI Premium Per User - new  2/28/2022-3/27/2022  February   ,125.9,120.86,1,1.04,25.0,151.08,157.38,31.48
Personalegruppen A/S,Microsoft Teams Phone Standard - Microsoft Teams Phone Standard - new  2/28/2022-3/27/2022  February   ,1991.88,48.29,1,41.25,25.0,60.36,2489.85,497.97
Personalegruppen A/S,Microsoft 365 New Commerce Promotional Offer Monthly - Office 365 E1 - new  2/28/2022-3/27/2022  February   ,100.6,48.29,1,2.08,25.0,60.36,125.75,25.15
Fonden af 28. maj 1948,Microsoft 365 New Commerce Promotional Offer Annual - Exchange Online (Plan 1) - new  2/28/2022-2/27/2023  February   ,574.56,241.92,1,2.38,25.0,302.40,718.20,143.64
Fonden af 28. maj 1948,Microsoft 365 New Commerce Promotional Offer Annual - Microsoft 365 Business Standard - new  2/28/2022-2/27/2023  February   ,897.18,755.52,1,1.19,25.0,944.40,1121.48,224.30
Fonden af 28. maj 1948,Microsoft 365 New Commerce Promotional Offer Annual - Microsoft 365 Business Standard - new  2/28/2022-2/27/2023  February   ,897.18,755.52,1,1.19,25.0,944.40,1121.48,224.30
Fonden af 28. maj 1948,Microsoft 365 New Commerce Promotional Offer Annual - Exchange Online (Plan 1) - new  2/28/2022-2/27/2023  February   ,574.56,241.92,1,2.38,25.0,302.40,718.20,143.64
Betterways,Microsoft 365 New Commerce Promotional Offer Annual - Microsoft 365 Business Standard - new  2/22/2022-2/21/2023  February   ,1794.36,755.52,1,2.38,25.0,944.40,2242.95,448.59
Betterways,Microsoft 365 New Commerce Promotional Offer Annual - Exchange Online (Plan 1) - new  2/22/2022-2/21/2023  February   ,287.28,241.92,1,1.19,25.0,302.40,359.10,71.82
Mads & Vitus,Microsoft 365 New Commerce Promotional Offer Annual - Microsoft 365 Business Standard - new  2/23/2022-3/22/2022  February   ,373.8,62.96,1,5.94,12.50,70.83,420.53,46.73
Mads & Vitus,Microsoft 365 New Commerce Promotional Offer Annual - Microsoft 365 Phone System - new  2/23/2022-3/22/2022  February   ,191.16,40.24,1,4.75,12.50,45.27,215.06,23.90
SBC-Teams GoWingu,Virtual Machines DSv2 Series - Reserved VM Instance; Standard_DS3_v2; EU West; 3 Years - cycleCharge  2/7/2022-3/6/2022  February   ,2610.6,78.21,6.67595,5.00,0.0,522.13,2610.60,0.00
SBC-Teams GoWingu,Tables - Tables - LRS - new 2/1/2022-2/28/2022  February   ,0,0.00036,6.67595,0.00,0.0,0.00,0.00,0.00
SBC-Teams GoWingu,Load Balancer - Load Balancer - new 2/1/2022-2/28/2022  February   ,238.33,0.025,6.67595,1427.99,0.0,0.17,238.33,0.00
SBC-Teams GoWingu,General Block Blob - General Block Blob - LRS - new  2/1/2022-2/28/2022  February   ,0,0.00036,6.67595,0.00,0.0,0.00,0.00,0.00
SBC-Teams GoWingu,Virtual Network Peering - Virtual Network Peering - new  2/1/2022-2/28/2022  February   ,9.09,0.01,6.67595,136.16,0.0,0.07,9.09,0.00
SBC-Teams GoWingu,Standard Page Blob - Standard Page Blob - LRS - new  2/1/2022-2/28/2022  February   ,0,0.045,6.67595,0.00,0.0,0.30,0.00,0.00
SBC-Teams GoWingu,IP Addresses - IP Addresses - Standard - new 2/1/2022-2/28/2022  February   ,333.63,0.005,6.67595,9994.98,0.0,0.03,333.63,0.00
SBC-Teams GoWingu,IP Addresses - IP Addresses - Basic - new 2/1/2022-2/28/2022  February   ,51.4,0.0036,6.67595,2138.69,0.0,0.02,51.40,0.00
SBC-Teams GoWingu,Virtual Machines Dv2 Series - Virtual Machines Dv2 Series - D3 v2 - EU West - new  2/1/2022-2/28/2022  February   ,2.33,0.272,6.67595,1.28,0.0,1.82,2.33,0.00
SBC-Teams GoWingu,Premium SSD Managed Disks - Premium SSD Managed Disks - P20 - EU West - new  2/1/2022-2/28/2022  February   ,571.2,80.54,6.67595,1.06,0.0,537.68,571.20,0.00
SBC-Teams GoWingu,Standard HDD Managed Disks - Standard HDD Managed Disks - Snapshots LRS - EU West - new  2/1/2022-2/28/2022  February   ,0.5,0.05,6.67595,1.50,0.0,0.33,0.50,0.00
SBC-Teams GoWingu,Standard SSD Managed Disks - Standard SSD Managed Disks - E4 LRS - EU West - new  2/1/2022-2/28/2022  February   ,33.96,2.4,6.67595,2.12,0.0,16.02,33.96,0.00
SBC-Teams GoWingu,Backup - Backup - Standard - new 2/1/2022-2/28/2022  February   ,1.16,0.0448,6.67595,3.88,0.0,0.30,1.16,0.00
SBC-Teams GoWingu,Virtual Machines Dv2 Series - Virtual Machines Dv2 Series - D1 v2 - EU West - new  2/1/2022-2/28/2022  February   ,320.6,0.0679,6.67595,707.26,0.0,0.45,320.60,0.00
SBC-Teams GoWingu,General Block Blob - General Block Blob - LRS - new  2/1/2022-2/28/2022  February   ,0,0.00036,6.67595,0.00,0.0,0.00,0.00,0.00
SBC-Teams GoWingu,Bandwidth - Bandwidth - new 2/1/2022-2/28/2022  February   ,77.19,0.087,6.67595,132.90,0.0,0.58,77.19,0.00
SBC-Teams GoWingu,Virtual Network Peering - Virtual Network Peering - new  2/1/2022-2/28/2022  February   ,9.93,0.01,6.67595,148.74,0.0,0.07,9.93,0.00
SBC-Teams GoWingu,Bandwidth - Bandwidth - new 2/1/2022-2/28/2022  February   ,0,0.087,6.67595,0.00,0.0,0.58,0.00,0.00
SBC-Teams GoWingu,Bandwidth Inter-Region - Bandwidth Inter-Region - Inter Continent - Intercontinental - new  2/1/2022-2/28/2022  February   ,0,0.05,6.67595,0.00,0.0,0.33,0.00,0.00
SBC-Teams GoWingu,Files - Files - LRS - new 2/1/2022-2/28/2022  February   ,0,0.015,6.67595,0.00,0.0,0.10,0.00,0.00
SBC-Teams GoWingu,General Block Blob - General Block Blob - LRS - new  2/1/2022-2/28/2022  February   ,0.91,0.00036,6.67595,378.64,0.0,0.00,0.91,0.00
SBC-Teams GoWingu,Standard HDD Managed Disks - Standard HDD Managed Disks - S6 LRS - EU West - new  2/1/2022-2/28/2022  February   ,63.91,3.008,6.67595,3.18,0.0,20.08,63.91,0.00
SBC-Teams GoWingu,Virtual Machines RI - Virtual Machines RI - new 2/1/2022-2/28/2022  February   ,0,0,6.67595,0.00,0.0,0.00,0.00,0.00
SBC-Teams GoWingu,Load Balancer - Load Balancer - new 2/1/2022-2/28/2022  February   ,524.3,0.01,6.67595,7853.56,0.0,0.07,524.30,0.00
SBC-Teams GoWingu,Bandwidth - Bandwidth - new 2/1/2022-2/28/2022  February   ,0,0,6.67595,0.00,0.0,0.00,0.00,0.00
SBC-Teams GoWingu,Azure Active Directory Domain Services - Azure Active Directory Domain Services - Standard - new  2/1/2022-2/28/2022  February   ,612.6,0.15,6.67595,611.75,0.0,1.00,612.60,0.00
SBC-Teams GoWingu,Standard HDD Managed Disks - Standard HDD Managed Disks - Snapshots ZRS - EU West - new  2/1/2022-2/28/2022  February   ,2.5,0.05,6.67595,7.49,0.0,0.33,2.50,0.00
SBC-Teams GoWingu,Files - Files - LRS - new 2/1/2022-2/28/2022  February   ,0,0.0015,6.67595,0.00,0.0,0.01,0.00,0.00
SBC-Teams GoWingu,Virtual Machines BS Series - Virtual Machines BS Series - B1ms - EU West - new  2/1/2022-2/28/2022  February   ,114.15,0.024,6.67595,712.45,0.0,0.16,114.15,0.00
SBC-Teams GoWingu,Load Balancer - Load Balancer - new 2/1/2022-2/28/2022  February   ,2.58,0.005,6.67595,77.29,0.0,0.03,2.58,0.00
SBC-Teams GoWingu,General Block Blob - General Block Blob - LRS - new  2/1/2022-2/28/2022  February   ,0,0.00036,6.67595,0.00,0.0,0.00,0.00,0.00
SBC-Teams GoWingu,Standard Page Blob - Standard Page Blob - LRS - new  2/1/2022-2/28/2022  February   ,0,0.00036,6.67595,0.00,0.0,0.00,0.00,0.00
SBC-Teams GoWingu,Standard Page Blob - Standard Page Blob - LRS - new  2/1/2022-2/28/2022  February   ,0,0.00036,6.67595,0.00,0.0,0.00,0.00,0.00
SBC-Teams GoWingu,Premium SSD Managed Disks - Premium SSD Managed Disks - P4 - EU West - new  2/1/2022-2/28/2022  February   ,123.5,5.8072,6.67595,3.19,0.0,38.77,123.50,0.00
SBC-Teams GoWingu,Files - Files - LRS - new 2/1/2022-2/28/2022  February   ,0,0.0015,6.67595,0.00,0.0,0.01,0.00,0.00
SBC-Teams GoWingu,Bandwidth Inter-Region - Bandwidth Inter-Region - Intra Continent - Europe - new  2/1/2022-2/28/2022  February   ,7.18,0.02,6.67595,53.78,0.0,0.13,7.18,0.00
SBC-Teams GoWingu,Standard HDD Managed Disks - Standard HDD Managed Disks - S4 LRS - EU West - new  2/1/2022-2/28/2022  February   ,65.34,1.536,6.67595,6.37,0.0,10.25,65.34,0.00
SBC-Teams GoWingu,Standard SSD Managed Disks - Standard SSD Managed Disks - E4 LRS - new  2/1/2022-2/28/2022  February   ,12.1,0.002,6.67595,906.24,0.0,0.01,12.10,0.00
SBC-Teams GoWingu,Azure App Service Free Plan - Azure App Service Free Plan - F1 - new  2/1/2022-2/28/2022  February   ,0,0,6.67595,0.00,0.0,0.00,0.00,0.00
SBC-Teams GoWingu,Standard HDD Managed Disks - Standard HDD Managed Disks - S4 LRS - new  2/1/2022-2/28/2022  February   ,3.34,0.0005,6.67595,1000.61,0.0,0.00,3.34,0.00
SBC-Teams GoWingu,VPN Gateway - VPN Gateway - Basic - new 2/1/2022-2/28/2022  February   ,171.56,0.036,6.67595,713.84,0.0,0.24,171.56,0.00
SBC-Teams GoWingu,Tables - Tables - LRS - new 2/1/2022-2/28/2022  February   ,0,0.045,6.67595,0.00,0.0,0.30,0.00,0.00
SBC-Teams GoWingu,Bandwidth Inter-Region - Bandwidth Inter-Region - Inter Continent - Intercontinental - new  2/1/2022-2/28/2022  February   ,2.66,0.05,6.67595,7.97,0.0,0.33,2.66,0.00
SBC-Teams GoWingu,Backup - Backup - Azure VM - new 2/1/2022-2/28/2022  February   ,31.95,10,6.67595,0.48,0.0,66.76,31.95,0.00
Langvad Arkitekter,Microsoft 365 New Commerce Promotional Offer Annual - Project Plan 3 - new  2/28/2022-3/27/2022  February   ,179.36,151.04,1,1.19,25.0,188.80,224.20,44.84
Langvad Arkitekter,Microsoft 365 New Commerce Promotional Offer Annual - Microsoft 365 Business Premium - new  2/28/2022-3/27/2022  February   ,598,100.72,1,5.94,25.0,125.90,747.50,149.50
Langvad Arkitekter,Microsoft 365 New Commerce Promotional Offer Annual - Exchange Online (Plan 1) - new  2/28/2022-3/27/2022  February   ,47.88,20.16,1,2.38,25.0,25.20,59.85,11.97
viks,Microsoft 365 New Commerce Promotional Offer Monthly - Microsoft 365 Business Standard - renew  2/25/2022-3/24/2022  February   ,393.5,75.55,1,5.21,25.0,94.44,491.88,98.38
viks,Microsoft 365 New Commerce Promotional Offer Monthly - Microsoft 365 Business Standard - addQuantity  2/10/2022-2/24/2022  February   ,190.4,75.55,1,2.52,25.0,94.44,238.00,47.60
viks,Microsoft 365 New Commerce Promotional Offer Monthly - Microsoft 365 Business Standard - addQuantity  2/10/2022-2/24/2022  February   ,-152.36,75.55,1,-2.02,25.0,94.44,-190.45,-38.09
CTGlobal,Storage - Bandwidth - Storage - Bandwidth - Geo-Replication v2 - EU West - new  2/1/2022-2/28/2022  February   ,0,0.02,6.67595,0.00,3.5,0.14,0.00,0.00
CTGlobal,Tables - Tables - LRS - new 2/1/2022-2/28/2022  February   ,66.09,0.045,6.67595,219.99,3.5,0.31,68.40,2.31
CTGlobal,Azure App Service Free Plan - Azure App Service Free Plan - F1 - new  2/1/2022-2/28/2022  February   ,0,0,6.67595,0.00,3.5,0.00,0.00,0.00
CTGlobal,SQL Database Single Standard - SQL Database Single Standard - S3 - new  2/1/2022-2/28/2022  February   ,959.5,4.8387,6.67595,29.70,3.5,33.43,993.08,33.58
CTGlobal,Azure App Service Free Plan - Azure App Service Free Plan - F1 - new  2/1/2022-2/28/2022  February   ,0,0,6.67595,0.00,3.5,0.00,0.00,0.00
CTGlobal,Files - Files - LRS - new 2/1/2022-2/28/2022  February   ,0,0.015,6.67595,0.00,3.5,0.10,0.00,0.00
CTGlobal,Files - Files - GRS - new 2/1/2022-2/28/2022  February   ,0,0.03,6.67595,0.00,3.5,0.21,0.00,0.00
CTGlobal,Log Analytics - Log Analytics - Pay-as-you-go - EU West - new  2/1/2022-2/28/2022  February   ,0,2.99,6.67595,0.00,3.5,20.66,0.00,0.00
CTGlobal,SignalR - SignalR - new 2/1/2022-2/28/2022  February   ,0,0,6.67595,0.00,3.5,0.00,0.00,0.00
CTGlobal,Files - Files - LRS - new 2/1/2022-2/28/2022  February   ,2.08,0.06,6.67595,5.19,3.5,0.41,2.15,0.07
CTGlobal,Traffic Manager - Traffic Manager - Azure Endpoint - new  2/1/2022-2/28/2022  February   ,0.16,0.54,6.67595,0.04,3.5,3.73,0.17,0.01
CTGlobal,Queues - Queues - LRS - new 2/1/2022-2/28/2022  February   ,0,0.00036,6.67595,0.00,3.5,0.00,0.00,0.00
CTGlobal,Logic Apps - Logic Apps - Consumption - new 2/1/2022-2/28/2022  February   ,0,0.000025,6.67595,0.00,3.5,0.00,0.00,0.00
CTGlobal,Azure App Service Premium v2 Plan - Azure App Service Premium v2 Plan - P3 v2 - EU West - new  2/1/2022-2/28/2022  February   ,7626.6,0.8,6.67595,1428.00,3.5,5.53,7893.53,266.93
CTGlobal,Logic Apps - Logic Apps - Consumption - new 2/1/2022-2/28/2022  February   ,0.16,0.12,6.67595,0.20,3.5,0.83,0.17,0.01
CTGlobal,Azure Pipelines - Azure Pipelines - Microsoft-hosted CI/CD - new  2/1/2022-2/28/2022  February   ,768.73,40,6.67595,2.88,3.5,276.38,795.64,26.91
CTGlobal,Files - Files - LRS - new 2/1/2022-2/28/2022  February   ,0,0.0015,6.67595,0.00,3.5,0.01,0.00,0.00
CTGlobal,Standard HDD Managed Disks - Standard HDD Managed Disks - S4 LRS - EU North - new  2/1/2022-2/28/2022  February   ,10.84,1.536,6.67595,1.06,3.5,10.61,11.22,0.38
CTGlobal,Tables - Tables - LRS - new 2/1/2022-2/28/2022  February   ,0,0.00036,6.67595,0.00,3.5,0.00,0.00,0.00
CTGlobal,SQL Database Single Standard - SQL Database Single Standard - S0 - new  2/1/2022-2/28/2022  February   ,287.81,0.4839,6.67595,89.09,3.5,3.34,297.88,10.07
CTGlobal,Azure Monitor - Azure Monitor - Alerts - new 2/1/2022-2/28/2022  February   ,0,0.1,6.67595,0.00,3.5,0.69,0.00,0.00
CTGlobal,Tables - Tables - LRS - new 2/1/2022-2/28/2022  February   ,0,0.00036,6.67595,0.00,3.5,0.00,0.00,0.00
CTGlobal,Microsoft Defender for SQL - Microsoft Defender for SQL - Standard - new  2/1/2022-2/28/2022  February   ,95.63,15,6.67595,0.95,3.5,103.64,98.98,3.35
CTGlobal,Azure App Service Shared Plan - Azure App Service Shared Plan - new  2/1/2022-2/28/2022  February   ,61.91,0.013,6.67595,713.35,3.5,0.09,64.08,2.17
CTGlobal,Blob Storage - Blob Storage - Hot LRS - EU West - new  2/1/2022-2/28/2022  February   ,0,0.0043,6.67595,0.00,3.5,0.03,0.00,0.00
CTGlobal,SignalR - SignalR - new 2/1/2022-2/28/2022  February   ,959.25,1.61,6.67595,89.25,3.5,11.12,992.82,33.57
CTGlobal,General Block Blob - General Block Blob - LRS - new  2/1/2022-2/28/2022  February   ,0,0.00036,6.67595,0.00,3.5,0.00,0.00,0.00
CTGlobal,Blob Storage - Blob Storage - Hot LRS - EU West - new  2/1/2022-2/28/2022  February   ,0,0.054,6.67595,0.00,3.5,0.37,0.00,0.00
CTGlobal,Blob Storage - Blob Storage - Hot LRS - EU West - new  2/1/2022-2/28/2022  February   ,3.41,0.0196,6.67595,26.06,3.5,0.14,3.53,0.12
CTGlobal,Logic Apps - Logic Apps - Consumption - new 2/1/2022-2/28/2022  February   ,35.38,0.000125,6.67595,42396.96,3.5,0.00,36.62,1.24
CTGlobal,General Block Blob - General Block Blob - LRS - new  2/1/2022-2/28/2022  February   ,0,0.024,6.67595,0.00,3.5,0.17,0.00,0.00
CTGlobal,Storage - Bandwidth - Storage - Bandwidth - Geo-Replication - EU West - new  2/1/2022-2/28/2022  February   ,0,0,6.67595,0.00,3.5,0.00,0.00,0.00
CTGlobal,Bandwidth - Bandwidth - new 2/1/2022-2/28/2022  February   ,156.55,0.087,6.67595,269.54,3.5,0.60,162.03,5.48
CTGlobal,Bandwidth - Bandwidth - new 2/1/2022-2/28/2022  February   ,0,0.087,6.67595,0.00,3.5,0.60,0.00,0.00
CTGlobal,SQL Database Single Standard - SQL Database Single Standard - S2 - new  2/1/2022-2/28/2022  February   ,478.41,2.42,6.67595,29.61,3.5,16.72,495.15,16.74
CTGlobal,General Block Blob - General Block Blob - LRS - new  2/1/2022-2/28/2022  February   ,0,0.00036,6.67595,0.00,3.5,0.00,0.00,0.00
CTGlobal,General Block Blob - General Block Blob - LRS - new  2/1/2022-2/28/2022  February   ,0,0.00036,6.67595,0.00,3.5,0.00,0.00,0.00
CTGlobal,Bandwidth - Bandwidth - new 2/1/2022-2/28/2022  February   ,0,0,6.67595,0.00,3.5,0.00,0.00,0.00
CTGlobal,Azure App Service Standard Plan - Azure App Service Standard Plan - S1 - new  2/1/2022-2/28/2022  February   ,1429.99,0.1,6.67595,2142.00,3.5,0.69,1480.04,50.05
CTGlobal,Traffic Manager - Traffic Manager - Traffic View - new  2/1/2022-2/28/2022  February   ,0.66,2,6.67595,0.05,3.5,13.82,0.68,0.02
CTGlobal,General Block Blob - General Block Blob - LRS - new  2/1/2022-2/28/2022  February   ,0,0.00036,6.67595,0.00,3.5,0.00,0.00,0.00
CTGlobal,Standard HDD Managed Disks - Standard HDD Managed Disks - S30 LRS - EU North - new  2/1/2022-2/28/2022  February   ,290.48,40.96,6.67595,1.06,3.5,283.02,300.65,10.17
CTGlobal,Process Automation - Process Automation - Basic - new  2/1/2022-2/28/2022  February   ,0,0.002,6.67595,0.00,3.5,0.01,0.00,0.00
CTGlobal,Tables - Tables - GRS - new 2/1/2022-2/28/2022  February   ,0,0.00036,6.67595,0.00,3.5,0.00,0.00,0.00
CTGlobal,Log Analytics - Log Analytics - Pay-as-you-go - EU West - new  2/1/2022-2/28/2022  February   ,560.78,2.99,6.67595,28.09,3.5,20.66,580.41,19.63
CTGlobal,Azure Monitor - Azure Monitor - Alerts - new 2/1/2022-2/28/2022  February   ,4.41,0.1,6.67595,6.61,3.5,0.69,4.56,0.15
CTGlobal,SQL Database - LTR Backup Storage - SQL Database - LTR Backup Storage - RA-GRS - EU West - new  2/1/2022-2/28/2022  February   ,22.28,0.0595,6.67595,56.09,3.5,0.41,23.06,0.78
CTGlobal,Bandwidth Inter-Region - Bandwidth Inter-Region - Intra Continent - Europe - new  2/1/2022-2/28/2022  February   ,0,0.02,6.67595,0.00,3.5,0.14,0.00,0.00
CTGlobal,Traffic Manager - Traffic Manager - Azure Endpoint - new  2/1/2022-2/28/2022  February   ,4.59,0.36,6.67595,1.91,3.5,2.49,4.75,0.16
CTGlobal,Blob Storage - Blob Storage - Hot LRS - EU West - new  2/1/2022-2/28/2022  February   ,0,0.0043,6.67595,0.00,3.5,0.03,0.00,0.00
CTGlobal,Standard HDD Managed Disks - Standard HDD Managed Disks - S10 LRS - EU North - new  2/1/2022-2/28/2022  February   ,41.71,5.888,6.67595,1.06,3.5,40.68,43.17,1.46
CTGlobal,Blob Storage - Blob Storage - Hot LRS - EU West - new  2/1/2022-2/28/2022  February   ,0,0.054,6.67595,0.00,3.5,0.37,0.00,0.00
CTGlobal,Tables - Tables - RA-GRS - new 2/1/2022-2/28/2022  February   ,0,0.075,6.67595,0.00,3.5,0.52,0.00,0.00
CTGlobal,Azure Monitor - Azure Monitor - Emails - new 2/1/2022-2/28/2022  February   ,0,0.00002,6.67595,0.00,3.5,0.00,0.00,0.00
CTGlobal,Files - Files - LRS - new 2/1/2022-2/28/2022  February   ,0,0.0015,6.67595,0.00,3.5,0.01,0.00,0.00
CTGlobal,Log Analytics - Log Analytics - Pay-as-you-go - EU North - new  2/1/2022-2/28/2022  February   ,0,2.76,6.67595,0.00,3.5,19.07,0.00,0.00
CTGlobal,Tables - Tables - LRS - new 2/1/2022-2/28/2022  February   ,0,0.00036,6.67595,0.00,3.5,0.00,0.00,0.00
prebenandersen.dk,Backup - Backup - Standard - new 2/1/2022-2/28/2022  February   ,170.9,0.0224,6.67595,1142.83,30.0,0.19,222.17,51.27
prebenandersen.dk,Blob Storage - Blob Storage - Hot LRS - EU North - new  2/1/2022-2/28/2022  February   ,0,0.022,6.67595,0.00,30.0,0.19,0.00,0.00
prebenandersen.dk,Backup - Backup - On Premises Server - EU North - new  2/1/2022-2/28/2022  February   ,160.14,10,6.67595,2.40,30.0,86.79,208.18,48.04
prebenandersen.dk,Blob Storage - Blob Storage - Hot LRS - EU North - new  2/1/2022-2/28/2022  February   ,0,0.05,6.67595,0.00,30.0,0.43,0.00,0.00
prebenandersen.dk,Tables - Tables - LRS - new 2/1/2022-2/28/2022  February   ,0,0.045,6.67595,0.00,30.0,0.39,0.00,0.00
prebenandersen.dk,Blob Storage - Blob Storage - Hot LRS - EU North - new  2/1/2022-2/28/2022  February   ,0,0.05,6.67595,0.00,30.0,0.43,0.00,0.00
prebenandersen.dk,Tables - Tables - LRS - new 2/1/2022-2/28/2022  February   ,0,0.00036,6.67595,0.00,30.0,0.00,0.00,0.00
GoWingu ApS,General Block Blob - General Block Blob - LRS - new  2/1/2022-2/28/2022  February   ,0,0.00036,6.67595,0.00,0.0,0.00,0.00,0.00
GoWingu ApS,Bandwidth - Bandwidth - new 2/1/2022-2/28/2022  February   ,12.18,0.087,6.67595,20.97,0.0,0.58,12.18,0.00
GoWingu ApS,Azure App Service Premium v2 Plan - Azure App Service Premium v2 Plan - P1 v2 - EU North - new  2/1/2022-2/28/2022  February   ,953.33,0.2,6.67595,714.00,0.0,1.34,953.33,0.00
GoWingu ApS,Tables - Tables - LRS - new 2/1/2022-2/28/2022  February   ,0,0.00036,6.67595,0.00,0.0,0.00,0.00,0.00
GoWingu ApS,Azure App Service Free Plan - Azure App Service Free Plan - F1 - new  2/1/2022-2/28/2022  February   ,0,0,6.67595,0.00,0.0,0.00,0.00,0.00
GoWingu ApS,Tables - Tables - LRS - new 2/1/2022-2/28/2022  February   ,0,0.045,6.67595,0.00,0.0,0.30,0.00,0.00
GoWingu ApS,SQL Database - LTR Backup Storage - SQL Database - LTR Backup Storage - RA-GRS - EU North - new  2/1/2022-2/28/2022  February   ,0.08,0.055,6.67595,0.22,0.0,0.37,0.08,0.00
GoWingu ApS,Bandwidth - Bandwidth - new 2/1/2022-2/28/2022  February   ,0,0.087,6.67595,0.00,0.0,0.58,0.00,0.00
GoWingu ApS,General Block Blob - General Block Blob - LRS - new  2/1/2022-2/28/2022  February   ,67.75,0.024,6.67595,422.85,0.0,0.16,67.75,0.00
GoWingu ApS,General Block Blob - General Block Blob - LRS - new  2/1/2022-2/28/2022  February   ,0,0.00036,6.67595,0.00,0.0,0.00,0.00,0.00
GoWingu ApS,SQL Database Single Standard - SQL Database Single Standard - S0 - new  2/1/2022-2/28/2022  February   ,192.01,0.4839,6.67595,59.44,0.0,3.23,192.01,0.00
GoWingu ApS,Azure App Service Free Plan - Azure App Service Free Plan - F1 - new  2/1/2022-2/28/2022  February   ,0,0,6.67595,0.00,0.0,0.00,0.00,0.00
GoWingu ApS,Azure Database for MySQL Single Server - Backup Storage - Azure Database for MySQL Single Server - Backup Storage - LRS - EU North - new  2/1/2022-2/28/2022  February   ,24.86,0.11,6.67595,33.85,0.0,0.73,24.86,0.00
GoWingu ApS,Azure Database for MySQL Single Server Basic - Storage - Azure Database for MySQL Single Server Basic - Storage - EU North - new  2/1/2022-2/28/2022  February   ,7,0.11,6.67595,9.53,0.0,0.73,7.00,0.00
GoWingu ApS,Log Analytics - Log Analytics - Pay-as-you-go - EU North - new  2/1/2022-2/28/2022  February   ,0,2.76,6.67595,0.00,0.0,18.43,0.00,0.00
GoWingu ApS,Azure Database for MySQL Single Server Basic - Compute Gen5 - Azure Database for MySQL Single Server Basic - Compute Gen5 - 1 vCore - EU North - new  2/1/2022-2/28/2022  February   ,173.49,0.0364,6.67595,713.94,0.0,0.24,173.49,0.00
GoWingu ApS,General Block Blob - General Block Blob - LRS - new  2/1/2022-2/28/2022  February   ,0,0.00036,6.67595,0.00,0.0,0.00,0.00,0.00
RackPeople ApS,General Block Blob - General Block Blob - LRS - new  2/1/2022-2/28/2022  February   ,0,0.024,6.67595,0.00,0,0.16,0.00,0.00
RackPeople ApS,Files - Files - LRS - new 2/1/2022-2/28/2022  February   ,0.58,0.0015,6.67595,57.92,0,0.01,0.58,0.00
RackPeople ApS,SQL Database Single Basic - SQL Database Single Basic - B - new  2/1/2022-2/28/2022  February   ,63.84,0.161,6.67595,59.40,0,1.07,63.84,0.00
RackPeople ApS,Functions - Functions - new 2/1/2022-2/28/2022  February   ,0,0.000016,6.67595,0.00,0,0.00,0.00,0.00
RackPeople ApS,Bandwidth - Bandwidth - new 2/1/2022-2/28/2022  February   ,0,0.087,6.67595,0.00,0,0.58,0.00,0.00
RackPeople ApS,Log Analytics - Log Analytics - Pay-as-you-go - EU North - new  2/1/2022-2/28/2022  February   ,80.53,2.76,6.67595,4.37,0,18.43,80.53,0.00
RackPeople ApS,Azure App Service Premium v2 Plan - Azure App Service Premium v2 Plan - P1 v2 - EU North - new  2/1/2022-2/28/2022  February   ,953.33,0.2,6.67595,714.00,0,1.34,953.33,0.00
RackPeople ApS,Azure App Service Standard Plan - Azure App Service Standard Plan - S1 - new  2/1/2022-2/28/2022  February   ,476.66,0.1,6.67595,714.00,0,0.67,476.66,0.00
RackPeople ApS,Service Bus - Service Bus - Hybrid Connections - new  2/1/2022-2/28/2022  February   ,0,1,6.67595,0.00,0,6.68,0.00,0.00
RackPeople ApS,General Block Blob - General Block Blob - LRS - new  2/1/2022-2/28/2022  February   ,0.33,0.00036,6.67595,137.31,0,0.00,0.33,0.00
RackPeople ApS,Files - Files - LRS - new 2/1/2022-2/28/2022  February   ,0,0.06,6.67595,0.00,0,0.40,0.00,0.00
RackPeople ApS,Tables - Tables - LRS - new 2/1/2022-2/28/2022  February   ,0,0.00036,6.67595,0.00,0,0.00,0.00,0.00
RackPeople ApS,Tables - Tables - LRS - new 2/1/2022-2/28/2022  February   ,0,0.00036,6.67595,0.00,0,0.00,0.00,0.00
RackPeople ApS,SQL Database Single Standard - SQL Database Single Standard - S0 - new  2/1/2022-2/28/2022  February   ,96.05,0.4839,6.67595,29.73,0,3.23,96.05,0.00
RackPeople ApS,General Block Blob - General Block Blob - LRS - new  2/1/2022-2/28/2022  February   ,0,0.00036,6.67595,0.00,0,0.00,0.00,0.00
RackPeople ApS,Azure App Service Free Plan - Azure App Service Free Plan - F1 - new  2/1/2022-2/28/2022  February   ,0,0,6.67595,0.00,0,0.00,0.00,0.00
RackPeople ApS,Functions - Functions - new 2/1/2022-2/28/2022  February   ,0,0.000016,6.67595,0.00,0,0.00,0.00,0.00
RackPeople ApS,General Block Blob - General Block Blob - LRS - new  2/1/2022-2/28/2022  February   ,0,0.00036,6.67595,0.00,0,0.00,0.00,0.00
RackPeople ApS,Tables - Tables - LRS - new 2/1/2022-2/28/2022  February   ,2.41,0.045,6.67595,8.02,0,0.30,2.41,0.00
RackPeople ApS,Functions - Functions - new 2/1/2022-2/28/2022  February   ,0,0.000002,6.67595,0.00,0,0.00,0.00,0.00
RackPeople ApS,Files - Files - LRS - new 2/1/2022-2/28/2022  February   ,0.41,0.0015,6.67595,40.94,0,0.01,0.41,0.00
RackPeople ApS,Service Bus - Service Bus - Hybrid Connections - new  2/1/2022-2/28/2022  February   ,127.59,0.0134,6.67595,1426.26,0,0.09,127.59,0.00
RackPeople ApS,Files - Files - LRS - new 2/1/2022-2/28/2022  February   ,3.84,0.015,6.67595,38.35,0,0.10,3.84,0.00
RackPeople ApS,Tables - Tables - LRS - new 2/1/2022-2/28/2022  February   ,0,0.00036,6.67595,0.00,0,0.00,0.00,0.00
RackPeople ApS,Log Analytics - Log Analytics - Pay-as-you-go - EU North - new  2/1/2022-2/28/2022  February   ,0,2.76,6.67595,0.00,0,18.43,0.00,0.00
Rackepeople Consulting ApS,Tables - Tables - LRS - new 2/1/2022-2/28/2022  February   ,0,0.00036,6.67595,0.00,0.0,0.00,0.00,0.00
Rackepeople Consulting ApS,Bandwidth - Bandwidth - new 2/1/2022-2/28/2022  February   ,0,0.087,6.67595,0.00,0.0,0.58,0.00,0.00
Rackepeople Consulting ApS,Blob Storage - Blob Storage - Hot LRS - EU North - new  2/1/2022-2/28/2022  February   ,4.84,0.004,6.67595,181.25,0.0,0.03,4.84,0.00
Rackepeople Consulting ApS,Tables - Tables - LRS - new 2/1/2022-2/28/2022  February   ,0,0.00036,6.67595,0.00,0.0,0.00,0.00,0.00
Rackepeople Consulting ApS,Tables - Tables - LRS - new 2/1/2022-2/28/2022  February   ,0,0.045,6.67595,0.00,0.0,0.30,0.00,0.00
Rackepeople Consulting ApS,Blob Storage - Blob Storage - Hot LRS - EU North - new  2/1/2022-2/28/2022  February   ,0.5,0.05,6.67595,1.50,0.0,0.33,0.50,0.00
Rackepeople Consulting ApS,Tables - Tables - LRS - new 2/1/2022-2/28/2022  February   ,0,0.00036,6.67595,0.00,0.0,0.00,0.00,0.00
Rackepeople Consulting ApS,Blob Storage - Blob Storage - Hot LRS - EU North - new  2/1/2022-2/28/2022  February   ,2617.14,0.022,6.67595,17819.32,0.0,0.15,2617.14,0.00
Rackepeople Consulting ApS,Bandwidth - Bandwidth - new 2/1/2022-2/28/2022  February   ,0,0,6.67595,0.00,0.0,0.00,0.00,0.00
Rackepeople Consulting ApS,Blob Storage - Blob Storage - Hot LRS - EU North - new  2/1/2022-2/28/2022  February   ,51.99,0.05,6.67595,155.75,0.0,0.33,51.99,0.00
Rackepeople Consulting ApS,Tables - Tables - LRS - new 2/1/2022-2/28/2022  February   ,0,0.00036,6.67595,0.00,0.0,0.00,0.00,0.00
Rackepeople Consulting ApS,Tables - Tables - LRS - new 2/1/2022-2/28/2022  February   ,0,0.00036,6.67595,0.00,0.0,0.00,0.00,0.00
Rackepeople Consulting ApS,Bandwidth - Bandwidth - new 2/1/2022-2/28/2022  February   ,18.94,0.087,6.67595,32.61,0.0,0.58,18.94,0.00
Rackepeople Consulting ApS,Blob Storage - Blob Storage - Hot LRS - EU North - new  2/1/2022-2/28/2022  February   ,0,0.004,6.67595,0.00,0.0,0.03,0.00,0.00
Hi3G Denmark ApS,Azure App Service Standard Plan - Azure App Service Standard Plan - S1 - new  2/1/2022-2/28/2022  February   ,476.66,0.1,6.67595,714.00,15,0.77,548.16,71.50
Hi3G Denmark ApS,General Block Blob - General Block Blob - LRS - new  2/1/2022-2/28/2022  February   ,0.25,0.00036,6.67595,104.02,15,0.00,0.29,0.04
Hi3G Denmark ApS,Azure App Service Free Plan - Azure App Service Free Plan - F1 - new  2/1/2022-2/28/2022  February   ,0,0,6.67595,0.00,15,0.00,0.00,0.00
Hi3G Denmark ApS,Tables - Tables - LRS - new 2/1/2022-2/28/2022  February   ,0,0.00036,6.67595,0.00,15,0.00,0.00,0.00
Hi3G Denmark ApS,Files - Files - LRS - new 2/1/2022-2/28/2022  February   ,0,0.06,6.67595,0.00,15,0.46,0.00,0.00
Hi3G Denmark ApS,Functions - Functions - new 2/1/2022-2/28/2022  February   ,0,0.000002,6.67595,0.00,15,0.00,0.00,0.00
Hi3G Denmark ApS,Log Analytics - Log Analytics - Pay-as-you-go - EU North - new  2/1/2022-2/28/2022  February   ,0,2.76,6.67595,0.00,15,21.19,0.00,0.00
Hi3G Denmark ApS,General Block Blob - General Block Blob - LRS - new  2/1/2022-2/28/2022  February   ,0,0.00036,6.67595,0.00,15,0.00,0.00,0.00
Hi3G Denmark ApS,Files - Files - LRS - new 2/1/2022-2/28/2022  February   ,2.75,0.015,6.67595,27.46,15,0.12,3.16,0.41
Hi3G Denmark ApS,Tables - Tables - LRS - new 2/1/2022-2/28/2022  February   ,0,0.00036,6.67595,0.00,15,0.00,0.00,0.00
Hi3G Denmark ApS,SQL Database Single Standard - SQL Database Single Standard - S0 - new  2/1/2022-2/28/2022  February   ,96.05,0.4839,6.67595,29.73,15,3.72,110.46,14.41
Hi3G Denmark ApS,Tables - Tables - LRS - new 2/1/2022-2/28/2022  February   ,0,0.00036,6.67595,0.00,15,0.00,0.00,0.00
Hi3G Denmark ApS,Tables - Tables - LRS - new 2/1/2022-2/28/2022  February   ,0.58,0.045,6.67595,1.93,15,0.35,0.67,0.09
Hi3G Denmark ApS,Files - Files - LRS - new 2/1/2022-2/28/2022  February   ,0.41,0.0015,6.67595,40.94,15,0.01,0.47,0.06
Hi3G Denmark ApS,Files - Files - LRS - new 2/1/2022-2/28/2022  February   ,0.08,0.0015,6.67595,7.99,15,0.01,0.09,0.01
Hi3G Denmark ApS,General Block Blob - General Block Blob - LRS - new  2/1/2022-2/28/2022  February   ,0,0.00036,6.67595,0.00,15,0.00,0.00,0.00
Hi3G Denmark ApS,Log Analytics - Log Analytics - Pay-as-you-go - EU North - new  2/1/2022-2/28/2022  February   ,51.81,2.76,6.67595,2.81,15,21.19,59.58,7.77
Hi3G Denmark ApS,Functions - Functions - new 2/1/2022-2/28/2022  February   ,0,0.000016,6.67595,0.00,15,0.00,0.00,0.00
Hi3G Denmark ApS,Bandwidth - Bandwidth - new 2/1/2022-2/28/2022  February   ,0,0.087,6.67595,0.00,15,0.67,0.00,0.00
Kiltin,Tables - Tables - LRS - new 2/1/2022-2/28/2022  February   ,0,0.045,6.67595,0.00,110.0,0.63,0.00,0.00
Kiltin,Tables - Tables - LRS - new 2/1/2022-2/28/2022  February   ,0,0.00036,6.67595,0.00,110.0,0.01,0.00,0.00
Kiltin,Tables - Tables - LRS - new 2/1/2022-2/28/2022  February   ,0,0.00036,6.67595,0.00,110.0,0.01,0.00,0.00
Kiltin,Blob Storage - Blob Storage - Cool LRS - EU West - new  2/1/2022-2/28/2022  February   ,17.51,0.01,6.67595,262.28,110.0,0.14,36.77,19.26
Kiltin,Blob Storage - Blob Storage - Hot LRS - EU West - new  2/1/2022-2/28/2022  February   ,5.5,0.0043,6.67595,191.59,110.0,0.06,11.55,6.05
Kiltin,Blob Storage - Blob Storage - Cool LRS - EU West - new  2/1/2022-2/28/2022  February   ,0,0.01,6.67595,0.00,110.0,0.14,0.00,0.00
Kiltin,Blob Storage - Blob Storage - Hot LRS - EU West - new  2/1/2022-2/28/2022  February   ,0,0.054,6.67595,0.00,110.0,0.76,0.00,0.00
Kiltin,Blob Storage - Blob Storage - Cool LRS - EU West - new  2/1/2022-2/28/2022  February   ,123.59,0.1,6.67595,185.13,110.0,1.40,259.54,135.95
Kiltin,Blob Storage - Blob Storage - Cool LRS - EU West - new  2/1/2022-2/28/2022  February   ,0.58,0.01,6.67595,8.69,110.0,0.14,1.22,0.64
Kiltin,Bandwidth - Bandwidth - new 2/1/2022-2/28/2022  February   ,0,0,6.67595,0.00,110.0,0.00,0.00,0.00
Kiltin,Tables - Tables - LRS - new 2/1/2022-2/28/2022  February   ,0,0.00036,6.67595,0.00,110.0,0.01,0.00,0.00
Kiltin,Bandwidth - Bandwidth - new 2/1/2022-2/28/2022  February   ,0,0.087,6.67595,0.00,110.0,1.22,0.00,0.00
Kiltin,Tables - Tables - LRS - new 2/1/2022-2/28/2022  February   ,0,0.00036,6.67595,0.00,110.0,0.01,0.00,0.00
Kiltin,Tables - Tables - LRS - new 2/1/2022-2/28/2022  February   ,0,0.00036,6.67595,0.00,110.0,0.01,0.00,0.00
Kiltin,Bandwidth - Bandwidth - new 2/1/2022-2/28/2022  February   ,3,0.087,6.67595,5.17,110.0,1.22,6.30,3.30
