Customer,CustomerNo,Description,Total_Amount_Excl_VAT,Unit_Price,PCToBCExchangeRate,Quantity,Rackpeople Markup,Rackpeople Markup Unit Price,Rackpeople Markup Total Price,Rackpeople Markup Diff
Betterways,43271237,Microsoft 365 Business Standard - Microsoft 365 Business Standard - addQuantity  3/16/2023-2/21/2024  March   ,-1774.94,755.52,1,2.00,25.00,-887.48,-1774.95,-354.99
Betterways,43271237,Microsoft 365 Business Standard - Microsoft 365 Business Standard - addQuantity  3/16/2023-2/21/2024  March   ,2662.44,755.52,1,3.00,25.00,887.48,2662.43,532.49
Nordic Bioscience,30799968,Microsoft Teams Phone Standard - Microsoft Teams Phone Standard - addQuantity  3/3/2023-3/27/2023  March   ,-1616.76,40.24,1,36.00,11,-39.88,-1435.76,-142.28
Nordic Bioscience,30799968,Power BI Pro - Power BI Pro - addQuantity 3/14/2023-3/27/2023  March   ,-220.15,50.32,1,7.00,25.00,-31.45,-220.15,-44.03
Nordic Bioscience,30799968,Microsoft 365 Business Standard - Microsoft 365 Business Standard - cycleCharge  3/28/2023-4/27/2023  March   ,10939.3,62.96,1,139.00,25.00,78.70,10939.30,2187.86
Nordic Bioscience,30799968,Project Online Essentials - Project Online Essentials - cycleCharge  3/28/2023-4/27/2023  March   ,44.1,35.28,1,1.00,25.00,44.10,44.10,8.82
Nordic Bioscience,30799968,Visio Plan 2 - Visio Plan 2 - cycleCharge 3/28/2023-4/27/2023  March   ,1510.4,75.52,1,16.00,25.00,94.40,1510.40,302.08
Nordic Bioscience,30799968,Microsoft Teams Phone Standard - Microsoft Teams Phone Standard - addQuantity  3/24/2023-3/27/2023  March   ,-265.66,40.24,1,37.00,25.00,-7.19,-265.94,-53.19
Nordic Bioscience,30799968,Microsoft 365 E5 - Microsoft 365 E5 - cycleCharge 3/28/2023-4/27/2023  March   ,802.2,320.88,1,2.00,25.00,401.10,802.20,160.44
Nordic Bioscience,30799968,Microsoft Teams Phone Resource Account - Microsoft Teams Phone Resource Account - cycleCharge  3/28/2023-4/27/2023  March   ,0,0,1,5.00,25.00,0.00,0.00,0.00
Nordic Bioscience,30799968,Microsoft Teams Phone Standard - Microsoft Teams Phone Standard - cycleCharge  3/28/2023-4/27/2023  March   ,1911.4,40.24,1,38.00,11,44.67,1697.32,168.20
Nordic Bioscience,30799968,Microsoft Defender for Office 365 (Plan 1) - Microsoft Defender for Office 365 (Plan 1) - cycleCharge  3/28/2023-4/27/2023  March   ,1688.4,10.08,1,134.00,25.00,12.60,1688.40,337.68
Nordic Bioscience,30799968,Microsoft Teams Rooms Pro - Microsoft Teams Rooms Pro - convert  3/1/2023-3/31/2023  March   ,2013.6,201.36,1,8.00,25.00,251.70,2013.60,402.72
Nordic Bioscience,30799968,Microsoft Teams Rooms Pro - Microsoft Teams Rooms Pro - convert  3/1/2023-3/27/2023  March   ,-2330,241.63,1,8.00,25.00,-291.25,-2330.00,-466.00
Nordic Bioscience,30799968,Microsoft 365 Audio Conferencing - Microsoft 365 Audio Conferencing - cycleCharge  3/28/2023-4/27/2023  March   ,588.9,15.7,1,30.00,25.00,19.63,588.75,117.75
Nordic Bioscience,30799968,Microsoft 365 E3 - Microsoft 365 E3 - cycleCharge 3/28/2023-4/27/2023  March   ,2636,210.88,1,10.00,25.00,263.60,2636.00,527.20
Nordic Bioscience,30799968,Microsoft Teams Rooms Pro - Microsoft Teams Rooms Pro - new  3/1/2023-3/27/2023  March   ,2330,241.63,1,8.00,25.00,291.25,2330.00,466.00
Nordic Bioscience,30799968,Enterprise Mobility + Security E5 - Enterprise Mobility + Security E5 - cycleCharge  3/28/2023-4/27/2023  March   ,207,82.8,1,2.00,25.00,103.50,207.00,41.40
Nordic Bioscience,30799968,Exchange Online (Plan 2) - Exchange Online (Plan 2) - cycleCharge  3/28/2023-4/27/2023  March   ,150.9,40.24,1,3.00,25.00,50.30,150.90,30.18
Nordic Bioscience,30799968,Power BI Pro - Power BI Pro - addQuantity 3/14/2023-3/27/2023  March   ,283.05,50.32,1,9.00,25.00,31.45,283.05,56.61
Nordic Bioscience,30799968,Microsoft Teams Shared Devices - Microsoft Teams Shared Devices - cycleCharge  3/28/2023-4/27/2023  March   ,704.2,40.24,1,14.00,25.00,50.30,704.20,140.84
Nordic Bioscience,30799968,Azure Active Directory Premium P1 - Azure Active Directory Premium P1 - renew  3/3/2023-4/2/2023  March   ,45.36,36.29,1,1.00,11,40.28,40.28,3.99
Nordic Bioscience,30799968,Microsoft 365 Business Premium - Microsoft 365 Business Premium - cycleCharge  3/28/2023-4/27/2023  March   ,11772.5,110.8,1,85.00,25.00,138.50,11772.50,2354.50
Nordic Bioscience,30799968,Power BI Pro - Power BI Pro - cycleCharge 3/28/2023-4/27/2023  March   ,566.1,50.32,1,9.00,25.00,62.90,566.10,113.22
Nordic Bioscience,30799968,Exchange Online (Plan 1) - Exchange Online (Plan 1) - cycleCharge  3/28/2023-4/27/2023  March   ,126,20.16,1,5.00,25.00,25.20,126.00,25.20
Nordic Bioscience,30799968,Microsoft Teams Phone Standard - Microsoft Teams Phone Standard - addQuantity  3/3/2023-3/27/2023  March   ,1661.67,40.24,1,37.00,25.00,44.91,1661.76,332.35
Nordic Bioscience,30799968,Microsoft Teams Phone Standard - Microsoft Teams Phone Standard - addQuantity  3/24/2023-3/27/2023  March   ,273.22,40.24,1,38.00,11,6.38,242.54,24.04
BLS Capital Management,31179580,Microsoft Teams Phone Standard - Microsoft Teams Phone Standard - addQuantity  3/16/2023-3/27/2023  March   ,-603.68,40.24,1,28.00,25.00,-21.56,-603.75,-120.75
BLS Capital Management,31179580,Storage - Bandwidth - Storage - Bandwidth - ,0,0,7.0614,0.06,55.00,0.00,0.00,0.00
BLS Capital Management,31179580,Standard Page Blob v2 - Standard Page Blob v2 - ,0.7,0.075,7.0614,1.38,55.00,0.70,0.97,0.41
BLS Capital Management,31179580,Backup - Backup - Standard - EU West - new ,144.84,0.0448,7.0614,431.15,55.00,0.42,179.70,63.83
BLS Capital Management,31179580,Tables - Tables - RA-GRS - new ,0,0.075,7.0614,0.01,55.00,0.70,0.01,0.01
BLS Capital Management,31179580,Standard HDD Managed Disks - Standard HDD Managed ,11.46,1.536,7.0614,1.00,55.00,14.29,14.29,5.12
BLS Capital Management,31179580,Bandwidth Inter-Region - Bandwidth Inter-Region - ,0,0.05,7.0614,0.04,55.00,0.00,0.00,0.00
BLS Capital Management,31179580,Blob Storage - Blob Storage - Hot LRS - EU West - ,7.24,0.054,7.0614,17.89,55.00,0.50,8.99,3.20
BLS Capital Management,31179580,Service Bus - Service Bus - Standard - new ,0,0.8,7.0614,0.00,55.00,0.00,0.00,0.00
BLS Capital Management,31179580,Backup - Backup - On Premises Server - EU West - ,74.94,10,7.0614,1.00,55.00,93.03,93.03,33.08
BLS Capital Management,31179580,Blob Storage - Blob Storage - Hot LRS - EU West - ,1.23,0.054,7.0614,3.17,55.00,0.50,1.59,0.61
BLS Capital Management,31179580,Bandwidth Inter-Region - Bandwidth Inter-Region - ,0.09,0.02,7.0614,0.63,55.00,0.19,0.12,0.05
BLS Capital Management,31179580,Service Bus - Service Bus - Standard - new ,3.7,0.013441,7.0614,37.00,55.00,0.13,4.63,1.67
BLS Capital Management,31179580,Tables - Tables - GRS - new ,0,0.00036,7.0614,0.90,55.00,0.00,0.00,0.00
BLS Capital Management,31179580,Tables - Tables - LRS - new ,0,0.00036,7.0614,0.91,55.00,0.00,0.00,0.00
BLS Capital Management,31179580,Premium SSD Managed Disks - Premium SSD Managed ,84.2,11.2272,7.0614,1.00,55.00,104.45,104.44,37.08
BLS Capital Management,31179580,Virtual Machines Dv2 Series Windows - Virtual ,2969.4,0.266,7.0614,1487.88,55.00,2.47,3682.07,1306.55
BLS Capital Management,31179580,Premium SSD Managed Disks - Premium SSD Managed ,325.26,21.68,7.0614,2.00,55.00,201.70,403.37,143.16
BLS Capital Management,31179580,Network Watcher - Network Watcher - new ,0,0.5,7.0614,0.29,55.00,0.00,0.00,0.00
BLS Capital Management,31179580,Blob Storage - Blob Storage - Hot LRS - EU West - ,0.96,0.0196,7.0614,6.81,55.00,0.18,1.24,0.47
BLS Capital Management,31179580,Rtn Preference: MGN - Rtn Preference: MGN - new ,0,0.087,7.0614,0.41,55.00,0.00,0.00,0.00
BLS Capital Management,31179580,Blob Storage - Blob Storage - Hot LRS - EU West - ,2.55,0.0043,7.0614,79.69,55.00,0.04,3.19,1.15
BLS Capital Management,31179580,Standard HDD Managed Disks - Standard HDD Managed ,0.53,0.0005,7.0614,160.82,55.00,0.00,0.75,0.33
BLS Capital Management,31179580,Virtual Machines BS Series - Virtual Machines BS ,267.89,0.048,7.0614,743.98,55.00,0.45,332.24,117.93
BLS Capital Management,31179580,IP Addresses - IP Addresses - Basic IPv4 - new ,40.15,0.0036,7.0614,1488.00,55.00,0.03,49.84,17.72
BLS Capital Management,31179580,Standard Page Blob v2 - Standard Page Blob v2 - ,0,0.00054,7.0614,8.93,55.00,0.01,0.04,0.04
BLS Capital Management,31179580,Files - Files - LRS - new ,2.2,0.06,7.0614,5.00,55.00,0.56,2.79,1.03
BLS Capital Management,31179580,Log Analytics - Log Analytics - Pay-as-you-go - EU ,0,2.99,7.0614,0.18,55.00,0.00,0.00,0.00
BLS Capital Management,31179580,Blob Storage - Blob Storage - Hot LRS - EU West - ,0,0.0043,7.0614,0.12,55.00,0.04,0.00,0.00
BLS Capital Management,31179580,Tables - Tables - LRS - new ,0,0.045,7.0614,0.01,55.00,0.42,0.00,0.00
BLS Capital Management,31179580,IP Addresses - IP Addresses - Standard IPv4 - new ,55.78,0.005,7.0614,1488.00,55.00,0.05,69.22,24.60
BLS Capital Management,31179580,Key Vault - Key Vault - Premium - new ,0,0.03,7.0614,0.01,55.00,0.28,0.00,0.00
BLS Capital Management,31179580,Storage - Bandwidth - Storage - Bandwidth - ,3.79,0.02,7.0614,25.59,55.00,0.19,4.76,1.73
BLS Capital Management,31179580,Azure Active Directory Domain Services - Azure ,837.04,0.15,7.0614,743.79,55.00,1.40,1037.97,368.34
BLS Capital Management,31179580,Standard Page Blob v2 - Standard Page Blob v2 - ,0,0.00054,7.0614,4.46,55.00,0.01,0.02,0.02
BLS Capital Management,31179580,Microsoft Teams Rooms Pro - Microsoft Teams Rooms Pro - cycleCharge  3/28/2023-4/27/2023  March   ,251.7,201.36,1,1.00,25.00,251.70,251.70,50.34
BLS Capital Management,31179580,Microsoft 365 E3 - Microsoft 365 E3 - cycleCharge 3/28/2023-4/27/2023  March   ,10280.4,210.88,1,39.00,25.00,263.60,10280.40,2056.08
BLS Capital Management,31179580,Microsoft Teams Phone Standard - Microsoft Teams Phone Standard - cycleCharge  3/28/2023-4/27/2023  March   ,1458.7,40.24,1,29.00,25.00,50.30,1458.70,291.74
BLS Capital Management,31179580,Exchange Online (Plan 2) - Exchange Online (Plan 2) - cycleCharge  3/28/2023-4/27/2023  March   ,704.2,40.24,1,14.00,25.00,50.30,704.20,140.84
BLS Capital Management,31179580,Microsoft 365 Audio Conferencing - Microsoft 365 Audio Conferencing - cycleCharge  3/28/2023-4/27/2023  March   ,628.16,15.7,1,32.00,25.00,19.63,628.00,125.60
BLS Capital Management,31179580,Microsoft Teams Phone Standard - Microsoft Teams Phone Standard - addQuantity  3/16/2023-3/27/2023  March   ,625.24,40.24,1,29.00,25.00,21.56,625.31,125.06
BLS Capital Management,31179580,Power Automate per user with attended RPA plan - Power Automate per user with attended RPA plan - renew  3/1/2023-3/31/2023  March   ,283.16,226.53,1,1.00,25.00,283.16,283.16,56.63
BLS Capital Management,31179580,Microsoft Teams Phone Resource Account - Microsoft Teams Phone Resource Account - cycleCharge  3/28/2023-4/27/2023  March   ,0,0,1,10.00,25.00,0.00,0.00,0.00
BLS Capital Management,31179580,Power Automate unattended RPA add-on - Power Automate unattended RPA add-on - renew  3/1/2023-3/31/2023  March   ,1062,849.6,1,1.00,25.00,1062.00,1062.00,212.40
BLS Capital Management,31179580,Power Automate per user plan - Power Automate per user plan - renew  3/28/2023-4/27/2023  March   ,106.2,84.96,1,1.00,25.00,106.20,106.20,21.24
BLS Capital Management,31179580,Microsoft Defender for Office 365 (Plan 1) - Microsoft Defender for Office 365 (Plan 1) - cycleCharge  3/18/2023-4/17/2023  March   ,466.2,10.08,1,37.00,25.00,12.60,466.20,93.24
BLS Capital Management,31179580,Microsoft 365 E5 Compliance - Microsoft 365 E5 Compliance - cycleCharge  3/28/2023-4/27/2023  March   ,302,60.4,1,4.00,25.00,75.50,302.00,60.40
BLS Capital Management,31179580,Dynamics 365 Sales Enterprise - Dynamics 365 Sales Enterprise Edition - cycleCharge  3/28/2023-4/27/2023  March   ,560.54,448.43,1,1.00,25.00,560.54,560.54,112.11
Delfi Technologies A/S,12552688,Microsoft 365 Business Premium - Microsoft 365 Business Premium - addQuantity  3/20/2023-3/23/2023  March   ,-2533.12,110.8,1,128.00,6.25,-16.82,-2152.88,-126.64
Delfi Technologies A/S,12552688,Microsoft 365 Business Premium - Microsoft 365 Business Premium - addQuantity  3/20/2023-3/23/2023  March   ,2572.7,110.8,1,130.00,6.25,16.82,2186.52,128.62
Delfi Technologies A/S,12552688,Project Plan 5 - Project Plan 5 - renew 3/25/2023-3/24/2024  March   ,20766,3322.56,1,5.00,6.25,3530.22,17651.10,1038.30
Delfi Technologies A/S,12552688,Microsoft 365 Business Premium - Microsoft 365 Business Premium - cycleCharge  3/24/2023-4/23/2023  March   ,18005,110.8,1,130.00,6.25,117.73,15304.25,900.25
Delfi Technologies A/S,12552688,Power BI Pro - Power BI Pro - cycleCharge 3/23/2023-4/22/2023  March   ,314.5,50.32,1,5.00,6.25,53.47,267.33,15.73
Delfi Technologies A/S,12552688,Microsoft 365 E3 - Microsoft 365 E3 - cycleCharge 3/23/2023-4/22/2023  March   ,1581.6,210.88,1,6.00,6.25,224.06,1344.36,79.08
Delfi Technologies A/S,12552688,Microsoft 365 Business Premium - Microsoft 365 Business Premium - renew  3/23/2023-4/22/2023  March   ,1662,132.96,1,10.00,6.25,141.27,1412.70,83.10
Delfi Technologies A/S,12552688,Exchange Online (Plan 1) - Exchange Online (Plan 1) - cycleCharge  3/23/2023-4/22/2023  March   ,25.2,20.16,1,1.00,6.25,21.42,21.42,1.26
Grønbech & Sønner,12069502,Power BI Pro - Power BI Pro - addQuantity 3/16/2023-3/27/2023  March   ,-431.36,50.32,1,16.00,25.00,-26.96,-431.40,-86.28
Grønbech & Sønner,12069502,Microsoft Teams Rooms Standard - Microsoft Teams Rooms Standard - cycleCharge  3/28/2023-4/27/2023  March   ,118,94.4,1,1.00,25.00,118.00,118.00,23.60
Grønbech & Sønner,12069502,Power BI Pro - Power BI Pro - addQuantity 3/28/2023-4/27/2023  March   ,-1069.3,50.32,1,17.00,25.00,-62.90,-1069.30,-213.86
Grønbech & Sønner,12069502,Power BI Pro - Power BI Pro - addQuantity 3/28/2023-4/27/2023  March   ,1320.9,50.32,1,21.00,25.00,62.90,1320.90,264.18
Grønbech & Sønner,12069502,Exchange Online Kiosk - Exchange Online Kiosk - cycleCharge  3/28/2023-4/27/2023  March   ,12.6,10.08,1,1.00,25.00,12.60,12.60,2.52
Grønbech & Sønner,12069502,Microsoft 365 F1 - Microsoft 365 F1 - cycleCharge 3/28/2023-4/27/2023  March   ,14.2,11.36,1,1.00,25.00,14.20,14.20,2.84
Grønbech & Sønner,12069502,Microsoft 365 Business Premium - Microsoft 365 Business Premium - cycleCharge  3/28/2023-4/27/2023  March   ,27007.5,110.8,1,195.00,25.00,138.50,27007.50,5401.50
Grønbech & Sønner,12069502,Office 365 E3 - Office 365 E3 - cycleCharge 3/28/2023-4/27/2023  March   ,168.4,134.72,1,1.00,25.00,168.40,168.40,33.68
Grønbech & Sønner,12069502,Visio Plan 2 - Visio Plan 2 - cycleCharge 3/28/2023-4/27/2023  March   ,566.4,75.52,1,6.00,25.00,94.40,566.40,113.28
Grønbech & Sønner,12069502,Exchange Online (Plan 2) - Exchange Online (Plan 2) - cycleCharge  3/28/2023-4/27/2023  March   ,50.3,40.24,1,1.00,25.00,50.30,50.30,10.06
Grønbech & Sønner,12069502,Power BI Pro - Power BI Pro - addQuantity 3/16/2023-3/27/2023  March   ,458.32,50.32,1,17.00,25.00,26.96,458.36,91.67
Grønbech & Sønner,12069502,Microsoft Teams Phone Standard - Microsoft Teams Phone Standard - cycleCharge  3/28/2023-4/27/2023  March   ,4376.1,40.24,1,87.00,25.00,50.30,4376.10,875.22
Grønbech & Sønner,12069502,Power BI Pro - Power BI Pro - cycleCharge 3/28/2023-4/27/2023  March   ,1069.3,50.32,1,17.00,25.00,62.90,1069.30,213.86
Norli Liv og Pension Livsforsikring A/S,64145711,Microsoft Teams Phone Standard - Microsoft Teams Phone Standard - addQuantity  3/21/2023-3/27/2023  March   ,-829.4,48.29,1,55.00,25.00,-15.09,-829.81,-165.96
Norli Liv og Pension Livsforsikring A/S,64145711,Tables - Tables - Account Encrypted - RA-GRS - EU ,0.09,0.195,7.0614,0.10,25.00,1.46,0.15,0.08
Norli Liv og Pension Livsforsikring A/S,64145711,Blob Storage - Blob Storage - Hot RA-GRS - EU West ,0,0.049,7.0614,0.01,25.00,0.37,0.00,0.00
Norli Liv og Pension Livsforsikring A/S,64145711,Azure Bastion - Azure Bastion - Basic - new ,0,0.087,7.0614,2.16,25.00,0.00,0.00,0.00
Norli Liv og Pension Livsforsikring A/S,64145711,Blob Storage - Blob Storage - Hot GRS - EU North - ,0,0.1,7.0614,0.07,25.00,0.75,0.05,0.05
Norli Liv og Pension Livsforsikring A/S,64145711,Blob Storage - Blob Storage - Hot GRS - EU West - ,0,0.108,7.0614,0.02,25.00,0.81,0.01,0.01
Norli Liv og Pension Livsforsikring A/S,64145711,Virtual Machines Dv3 Series Windows - Virtual ,2366.71,0.424,7.0614,743.98,25.00,3.18,2366.73,473.36
Norli Liv og Pension Livsforsikring A/S,64145711,Files - Files - LRS - new ,0.53,0.0015,7.0614,49.90,25.00,0.01,0.56,0.14
Norli Liv og Pension Livsforsikring A/S,64145711,Queues v2 - Queues v2 - LRS - EU West - new ,0,0.004,7.0614,0.00,25.00,0.03,0.00,0.00
Norli Liv og Pension Livsforsikring A/S,64145711,SQL Server Developer Edition - SQL Server ,0,0,7.0614,703.93,25.00,0.00,0.00,0.00
Norli Liv og Pension Livsforsikring A/S,64145711,Premium Functions - Premium Functions - EU West - ,4730.86,0.169,7.0614,3731.10,25.00,1.27,4730.90,946.21
Norli Liv og Pension Livsforsikring A/S,64145711,Virtual Machines Eav4 Series Windows - Virtual ,5447.78,0.976,7.0614,743.97,25.00,7.32,5447.82,1089.60
Norli Liv og Pension Livsforsikring A/S,64145711,General Block Blob - General Block Blob - LRS - ,0,0.00036,7.0614,0.00,25.00,0.00,0.00,0.00
Norli Liv og Pension Livsforsikring A/S,64145711,Standard HDD Managed Disks - Standard HDD Managed ,22.5,3.008,7.0614,1.00,25.00,22.57,22.57,4.57
Norli Liv og Pension Livsforsikring A/S,64145711,Tables - Tables - GRS - new ,0,0.06,7.0614,0.01,25.00,0.45,0.00,0.00
Norli Liv og Pension Livsforsikring A/S,64145711,Azure App Service Premium v2 Plan - Azure App ,1116.4,0.2,7.0614,744.00,25.00,1.50,1116.41,223.29
Norli Liv og Pension Livsforsikring A/S,64145711,General Block Blob - General Block Blob - LRS - ,0.18,0.00036,7.0614,90.35,25.00,0.00,0.24,0.10
Norli Liv og Pension Livsforsikring A/S,64145711,General Block Blob - General Block Blob - LRS - ,0,0.00036,7.0614,0.00,25.00,0.00,0.00,0.00
Norli Liv og Pension Livsforsikring A/S,64145711,Premium SSD Managed Disks - Premium SSD Managed ,4461.65,148.68,7.0614,4.00,25.00,1115.51,4461.74,892.42
Norli Liv og Pension Livsforsikring A/S,64145711,Blob Storage - Blob Storage - Hot LRS - EU West - ,0,0.054,7.0614,0.01,25.00,0.41,0.00,0.00
Norli Liv og Pension Livsforsikring A/S,64145711,Blob Storage - Blob Storage - Hot LRS - EU West - ,0.09,0.054,7.0614,0.31,25.00,0.41,0.13,0.06
Norli Liv og Pension Livsforsikring A/S,64145711,Blob Storage - Blob Storage - Hot LRS - EU West - ,10.5,0.0043,7.0614,327.30,25.00,0.03,10.56,2.16
Norli Liv og Pension Livsforsikring A/S,64145711,Files - Files - LRS - new ,0,0.015,7.0614,0.00,25.00,0.11,0.00,0.00
Norli Liv og Pension Livsforsikring A/S,64145711,Storage - Bandwidth - Storage - Bandwidth - ,0,0.02,7.0614,0.00,25.00,0.15,0.00,0.00
Norli Liv og Pension Livsforsikring A/S,64145711,Event Grid - Event Grid - new ,0,0.06,7.0614,0.00,25.00,0.00,0.00,0.00
Norli Liv og Pension Livsforsikring A/S,64145711,Blob Storage - Blob Storage - Hot LRS - EU West - ,0.96,0.0196,7.0614,7.07,25.00,0.15,1.04,0.27
Norli Liv og Pension Livsforsikring A/S,64145711,Tables - Tables - LRS - new ,0,0.00036,7.0614,0.01,25.00,0.00,0.00,0.00
Norli Liv og Pension Livsforsikring A/S,64145711,Standard Page Blob v2 - Standard Page Blob v2 - ,27.98,0.00054,7.0614,6909.47,25.00,0.00,27.99,5.61
Norli Liv og Pension Livsforsikring A/S,64145711,Blob Storage - Blob Storage - Hot LRS - EU North - ,0,0.004,7.0614,2.09,25.00,0.03,0.06,0.06
Norli Liv og Pension Livsforsikring A/S,64145711,Premium SSD Managed Disks - Premium SSD Managed ,627.31,41.811428,7.0614,2.00,25.00,313.70,627.36,125.51
Norli Liv og Pension Livsforsikring A/S,64145711,Logic Apps Integration Account - Logic Apps ,4501.64,300,7.0614,2.00,25.00,2250.82,4501.64,900.33
Norli Liv og Pension Livsforsikring A/S,64145711,Queues - Queues - LRS - new ,0,0.00036,7.0614,0.10,25.00,0.00,0.00,0.00
Norli Liv og Pension Livsforsikring A/S,64145711,Standard Page Blob v2 - Standard Page Blob v2 - ,0.26,0.00054,7.0614,65.74,25.00,0.00,0.27,0.06
Norli Liv og Pension Livsforsikring A/S,64145711,Blob Storage - Blob Storage - Hot LRS - EU West - ,0.7,0.0043,7.0614,24.39,25.00,0.03,0.79,0.23
Norli Liv og Pension Livsforsikring A/S,64145711,Logic Apps - Logic Apps - Consumption - new ,3.35,0.000025,7.0614,18072.00,25.00,0.00,3.39,0.71
Norli Liv og Pension Livsforsikring A/S,64145711,App Configuration - App Configuration - Standard - ,558.2,1.2,7.0614,62.00,25.00,9.00,558.20,111.64
Norli Liv og Pension Livsforsikring A/S,64145711,Bandwidth Inter-Region - Bandwidth Inter-Region - ,1.23,0.02,7.0614,8.77,25.00,0.15,1.32,0.34
Norli Liv og Pension Livsforsikring A/S,64145711,Azure Test Plans - Azure Test Plans - Standard - ,390.05,52,7.0614,1.00,25.00,390.14,390.14,78.10
Norli Liv og Pension Livsforsikring A/S,64145711,Storage - Bandwidth - Storage - Bandwidth - ,0,0,7.0614,0.11,25.00,0.00,0.00,0.00
Norli Liv og Pension Livsforsikring A/S,64145711,Rtn Preference: MGN - Rtn Preference: MGN - new ,0,0.087,7.0614,39.61,25.00,0.00,0.00,0.00
Norli Liv og Pension Livsforsikring A/S,64145711,Blob Storage - Blob Storage - Hot GRS - EU North - ,73.16,0.1,7.0614,97.62,25.00,0.75,73.24,14.71
Norli Liv og Pension Livsforsikring A/S,64145711,Logic Apps - Logic Apps - Consumption - new ,2.81,0.000125,7.0614,3104.00,25.00,0.00,2.91,0.66
Norli Liv og Pension Livsforsikring A/S,64145711,Blob Storage - Blob Storage - Hot RA-GRS - EU ,0.09,0.046,7.0614,0.29,25.00,0.35,0.10,0.03
Norli Liv og Pension Livsforsikring A/S,64145711,Files - Files - LRS - new ,0.18,0.0015,7.0614,22.76,25.00,0.01,0.26,0.12
Norli Liv og Pension Livsforsikring A/S,64145711,Rtn Preference: MGN - Rtn Preference: MGN - new ,0,0,7.0614,0.01,25.00,0.00,0.00,0.00
Norli Liv og Pension Livsforsikring A/S,64145711,Storage - Bandwidth - Storage - Bandwidth - ,0,0.02,7.0614,0.07,25.00,0.15,0.01,0.01
Norli Liv og Pension Livsforsikring A/S,64145711,Premium Functions - Premium Functions - EU West - ,1185.51,0.0121,7.0614,13058.86,25.00,0.09,1185.52,237.11
Norli Liv og Pension Livsforsikring A/S,64145711,Blob Storage - Blob Storage - Hot GRS - EU West - ,0,0.108,7.0614,0.02,25.00,0.81,0.02,0.02
Norli Liv og Pension Livsforsikring A/S,64145711,Tables - Tables - GRS - new ,0,0.00036,7.0614,2.71,25.00,0.00,0.01,0.01
Norli Liv og Pension Livsforsikring A/S,64145711,Standard SSD Managed Disks - Standard SSD Managed ,14.65,0.002,7.0614,981.87,25.00,0.02,14.73,3.01
Norli Liv og Pension Livsforsikring A/S,64145711,Files - Files - LRS - new ,2.2,0.06,7.0614,5.01,25.00,0.45,2.26,0.50
Norli Liv og Pension Livsforsikring A/S,64145711,Bandwidth Inter-Region - Bandwidth Inter-Region - ,0,0.05,7.0614,0.54,25.00,0.00,0.00,0.00
Norli Liv og Pension Livsforsikring A/S,64145711,SQL Server Standard - SQL Server Standard - 1-4 ,2232.73,0.4,7.0614,743.98,25.00,3.00,2232.76,446.58
Norli Liv og Pension Livsforsikring A/S,64145711,Virtual Machines BS Series Windows - Virtual ,2197.06,0.416,7.0614,703.93,25.00,3.12,2197.07,439.42
Norli Liv og Pension Livsforsikring A/S,64145711,Tables - Tables - LRS - new ,0,0.00036,7.0614,0.00,25.00,0.00,0.00,0.00
Norli Liv og Pension Livsforsikring A/S,64145711,Azure Repos and Boards (Basic) - Azure Repos and ,450.08,6,7.0614,10.00,25.00,45.02,450.16,90.10
Norli Liv og Pension Livsforsikring A/S,64145711,Standard HDD Managed Disks - Standard HDD Managed ,172.83,1.536,7.0614,15.00,25.00,11.52,172.85,34.59
Norli Liv og Pension Livsforsikring A/S,64145711,Standard SSD Managed Disks - Standard SSD Managed ,71.94,9.6,7.0614,1.00,25.00,72.03,72.02,14.47
Norli Liv og Pension Livsforsikring A/S,64145711,Tables - Tables - LRS - new ,0,0.045,7.0614,0.05,25.00,0.34,0.02,0.02
Norli Liv og Pension Livsforsikring A/S,64145711,App Configuration - App Configuration - Free - US ,0,0,7.0614,31.00,25.00,0.00,0.00,0.00
Norli Liv og Pension Livsforsikring A/S,64145711,Azure Bastion - Azure Bastion - Basic - new ,2121.15,0.19,7.0614,1488.00,25.00,1.43,2121.17,424.25
Norli Liv og Pension Livsforsikring A/S,64145711,Container Instances - Container Instances - EU ,522.1,0.0466,7.0614,1493.33,25.00,0.35,522.11,104.43
Norli Liv og Pension Livsforsikring A/S,64145711,General Block Blob - General Block Blob - GRS - ,0.18,0.048,7.0614,0.62,25.00,0.36,0.22,0.08
Norli Liv og Pension Livsforsikring A/S,64145711,Blob Storage - Blob Storage - Hot LRS - EU North - ,0.18,0.004,7.0614,6.33,25.00,0.03,0.19,0.05
Norli Liv og Pension Livsforsikring A/S,64145711,Storage - Bandwidth - Storage - Bandwidth - ,0,0,7.0614,0.06,25.00,0.00,0.00,0.00
Norli Liv og Pension Livsforsikring A/S,64145711,Standard HDD Managed Disks - Standard HDD Managed ,44.13,5.888,7.0614,1.00,25.00,44.18,44.17,8.87
Norli Liv og Pension Livsforsikring A/S,64145711,Standard Page Blob v2 - Standard Page Blob v2 - ,0.44,0.00054,7.0614,130.23,25.00,0.00,0.53,0.18
Norli Liv og Pension Livsforsikring A/S,64145711,Load Balancer - Load Balancer - new ,139.55,0.025,7.0614,744.00,25.00,0.19,139.55,27.91
Norli Liv og Pension Livsforsikring A/S,64145711,Tables - Tables - Account Encrypted - LRS - EU ,0,0.0065,7.0614,0.00,25.00,0.05,0.00,0.00
Norli Liv og Pension Livsforsikring A/S,64145711,General Block Blob - General Block Blob - LRS - ,0,0.00036,7.0614,0.01,25.00,0.00,0.00,0.00
Norli Liv og Pension Livsforsikring A/S,64145711,Files v2 - Files v2 - Hot GRS - EU West - new ,0.96,0.0541,7.0614,2.50,25.00,0.41,1.01,0.24
Norli Liv og Pension Livsforsikring A/S,64145711,Files - Files - LRS - new ,5.03,0.015,7.0614,45.20,25.00,0.11,5.09,1.07
Norli Liv og Pension Livsforsikring A/S,64145711,Azure Active Directory Domain Services - Azure ,837.04,0.15,7.0614,743.79,25.00,1.13,837.07,167.44
Norli Liv og Pension Livsforsikring A/S,64145711,Tables - Tables - LRS - new ,0,0.00036,7.0614,4.13,25.00,0.00,0.01,0.01
Norli Liv og Pension Livsforsikring A/S,64145711,Premium SSD Managed Disks - Premium SSD Managed ,162.59,21.68,7.0614,1.00,25.00,162.66,162.65,32.58
Norli Liv og Pension Livsforsikring A/S,64145711,Tables - Tables - Account Encrypted - RA-GRS - EU ,0,0.065,7.0614,0.00,25.00,0.49,0.00,0.00
Norli Liv og Pension Livsforsikring A/S,64145711,IP Addresses - IP Addresses - Standard IPv4 - new ,195.33,0.005,7.0614,5208.00,25.00,0.04,195.37,39.11
Norli Liv og Pension Livsforsikring A/S,64145711,Azure App Service Free Plan - Azure App Service ,0,0,7.0614,6.00,25.00,0.00,0.00,0.00
Norli Liv og Pension Livsforsikring A/S,64145711,Container Instances - Container Instances - EU ,916.04,0.00511,7.0614,23893.28,25.00,0.04,916.04,183.21
Norli Liv og Pension Livsforsikring A/S,64145711,Load Balancer - Load Balancer - new ,0.53,0.005,7.0614,15.36,25.00,0.04,0.58,0.16
Norli Liv og Pension Livsforsikring A/S,64145711,Queues v2 - Queues v2 - GRS - EU West - new ,0,0.008,7.0614,0.00,25.00,0.06,0.00,0.00
Norli Liv og Pension Livsforsikring A/S,64145711,Standard Page Blob v2 - Standard Page Blob v2 - ,107.5,0.045,7.0614,318.63,25.00,0.34,107.58,21.58
Norli Liv og Pension Livsforsikring A/S,64145711,Tables - Tables - RA-GRS - new ,0,0.075,7.0614,0.01,25.00,0.56,0.01,0.01
Norli Liv og Pension Livsforsikring A/S,64145711,IP Addresses - IP Addresses - Basic IPv4 - new ,40.15,0.0036,7.0614,1488.00,25.00,0.03,40.19,8.07
Norli Liv og Pension Livsforsikring A/S,64145711,Logic Apps - Logic Apps - Consumption - new ,0.44,0.12,7.0614,0.52,25.00,0.90,0.47,0.12
Norli Liv og Pension Livsforsikring A/S,64145711,Microsoft Defender for Cloud Apps - Microsoft Defender for Cloud Apps - renew  3/4/2023-4/3/2023  March   ,26.4,21.12,1,1.00,25.00,26.40,26.40,5.28
Norli Liv og Pension Livsforsikring A/S,64145711,Microsoft 365 E3 - Microsoft 365 E3 - cycleCharge 3/12/2023-4/11/2023  March   ,28996,210.88,1,110.00,25.00,263.60,28996.00,5799.20
Norli Liv og Pension Livsforsikring A/S,64145711,Microsoft Teams Phone Standard - Microsoft Teams Phone Standard - renew  3/28/2023-4/27/2023  March   ,3380.16,48.29,1,56.00,25.00,60.36,3380.30,676.06
Norli Liv og Pension Livsforsikring A/S,64145711,Microsoft Teams Rooms Standard - Microsoft Teams Rooms Standard - cycleCharge  3/1/2023-3/31/2023  March   ,118,94.4,1,1.00,25.00,118.00,118.00,23.60
Norli Liv og Pension Livsforsikring A/S,64145711,Microsoft Defender for Office 365 (Plan 1) - Microsoft Defender for Office 365 (Plan 1) - addQuantity  3/31/2023-3/31/2023  March   ,46.74,10.08,1,114.00,25.0,0.41,47.03,9.41
Norli Liv og Pension Livsforsikring A/S,64145711,Microsoft Defender for Office 365 (Plan 1) - Microsoft Defender for Office 365 (Plan 1) - addQuantity  3/31/2023-3/31/2023  March   ,-41,10.08,1,100.00,25.00,-0.41,-41.25,-8.25
Norli Liv og Pension Livsforsikring A/S,64145711,Microsoft 365 E3 - Microsoft 365 E3 - addQuantity 3/24/2023-4/11/2023  March   ,-17933.16,210.88,1,111.00,25.0,-161.56,-17933.44,-3586.69
Norli Liv og Pension Livsforsikring A/S,64145711,Microsoft Teams Phone Resource Account - Microsoft Teams Phone Resource Account - cycleCharge  3/28/2023-4/27/2023  March   ,0,0,1,50.00,25.00,0.00,0.00,0.00
Norli Liv og Pension Livsforsikring A/S,64145711,Microsoft 365 E3 - Microsoft 365 E3 - addQuantity 3/28/2023-4/11/2023  March   ,-14285.6,210.88,1,112.00,25.00,-127.55,-14285.60,-2857.12
Norli Liv og Pension Livsforsikring A/S,64145711,Microsoft 365 F3 - Microsoft 365 F3 - cycleCharge 3/1/2023-3/31/2023  March   ,301.8,40.24,1,6.00,25.00,50.30,301.80,60.36
Norli Liv og Pension Livsforsikring A/S,64145711,Microsoft Teams Phone Standard - Microsoft Teams Phone Standard - addQuantity  3/21/2023-3/27/2023  March   ,845.04,48.29,1,56.00,25.0,15.09,844.90,168.98
Norli Liv og Pension Livsforsikring A/S,64145711,Microsoft 365 E3 - Microsoft 365 E3 - addQuantity 3/31/2023-4/11/2023  March   ,11632.56,210.88,1,114.00,25.00,102.04,11632.28,2326.46
Norli Liv og Pension Livsforsikring A/S,64145711,Microsoft 365 E3 - Microsoft 365 E3 - addQuantity 3/28/2023-4/11/2023  March   ,14413.15,210.88,1,113.00,25.00,127.55,14413.15,2882.63
Norli Liv og Pension Livsforsikring A/S,64145711,Microsoft Defender for Office 365 (Plan 1) - Microsoft Defender for Office 365 (Plan 1) - cycleCharge  3/1/2023-3/31/2023  March   ,1260,10.08,1,100.00,25.00,12.60,1260.00,252.00
Norli Liv og Pension Livsforsikring A/S,64145711,Microsoft 365 E3 - Microsoft 365 E3 - addQuantity 3/31/2023-4/11/2023  March   ,-11530.52,210.88,1,113.00,25.00,-102.04,-11530.24,-2306.05
Norli Liv og Pension Livsforsikring A/S,64145711,Power BI Pro - Power BI Pro - cycleCharge 3/1/2023-3/31/2023  March   ,251.6,50.32,1,4.00,25.00,62.90,251.60,50.32
Norli Liv og Pension Livsforsikring A/S,64145711,Windows 365 Enterprise - Windows 365 Enterprise 4 vCPU; 16 GB; 512 GB - cycleCharge  3/12/2023-4/11/2023  March   ,1312.92,525.17,1,2.00,25.00,656.46,1312.93,262.59
Norli Liv og Pension Livsforsikring A/S,64145711,Power BI Premium Per User - Power BI Premium Per User - cycleCharge  3/12/2023-4/11/2023  March   ,125.9,100.72,1,1.00,25.00,125.90,125.90,25.18
Norli Liv og Pension Livsforsikring A/S,64145711,Microsoft 365 E3 - Microsoft 365 E3 - addQuantity 3/22/2023-4/11/2023  March   ,-19641.6,210.88,1,110.00,25.00,-178.56,-19641.88,-3928.38
Norli Liv og Pension Livsforsikring A/S,64145711,Microsoft 365 E3 - Microsoft 365 E3 - addQuantity 3/22/2023-4/11/2023  March   ,19820.16,210.88,1,111.00,25.0,178.56,19820.44,3964.09
Norli Liv og Pension Livsforsikring A/S,64145711,Exchange Online (Plan 1) - Exchange Online (Plan 1) - cycleCharge  3/10/2023-4/9/2023  March   ,327.6,20.16,1,13.00,25.00,25.20,327.60,65.52
Norli Liv og Pension Livsforsikring A/S,64145711,Microsoft 365 E3 - Microsoft 365 E3 - addQuantity 3/24/2023-4/11/2023  March   ,18094.72,210.88,1,112.00,25.00,161.56,18095.00,3619.00
SBC-Teams GoWingu,99999006,Backup - Backup - Azure VM - EU West - new ,37.43,10,7.0614,0.50,0.00,60.02,30.01,0.07
SBC-Teams GoWingu,99999006,Standard Page Blob - Standard Page Blob - LRS - ,0,0.00036,7.0614,31.30,0.00,0.00,0.07,0.07
SBC-Teams GoWingu,99999006,Bandwidth Inter-Region - Bandwidth Inter-Region - ,6.26,0.02,7.0614,42.31,0.00,0.12,5.08,0.07
SBC-Teams GoWingu,99999006,Virtual Network Peering - Virtual Network Peering ,64.79,0.01,7.0614,864.09,0.00,0.06,51.86,0.03
SBC-Teams GoWingu,99999006,General Block Blob - General Block Blob - LRS - ,0,0.00036,7.0614,0.01,0.00,0.00,0.00,0.00
SBC-Teams GoWingu,99999006,Premium SSD Managed Disks - Premium SSD Managed ,130.63,5.8072,7.0614,3.00,0.00,34.86,104.56,0.06
SBC-Teams GoWingu,99999006,General Block Blob - General Block Blob - LRS - ,1.23,0.00036,7.0614,479.18,0.00,0.00,1.04,0.06
SBC-Teams GoWingu,99999006,Load Balancer - Load Balancer - new ,279.1,0.025,7.0614,1488.00,0.00,0.15,223.28,0.00
SBC-Teams GoWingu,99999006,Rtn Preference: MGN - Rtn Preference: MGN - new ,0,0.087,7.0614,96.02,0.00,0.00,0.00,0.00
SBC-Teams GoWingu,99999006,Tables - Tables - LRS - new ,0,0.00036,7.0614,3.17,0.00,0.00,0.01,0.01
SBC-Teams GoWingu,99999006,Standard Page Blob - Standard Page Blob - LRS - ,0,0.045,7.0614,0.05,0.00,0.27,0.01,0.01
SBC-Teams GoWingu,99999006,Standard SSD Managed Disks - Standard SSD Managed ,35.91,4.8,7.0614,1.00,0.00,28.81,28.81,0.08
SBC-Teams GoWingu,99999006,Standard Page Blob - Standard Page Blob - LRS - ,0.18,0.00036,7.0614,68.66,0.00,0.00,0.15,0.01
SBC-Teams GoWingu,99999006,Virtual Machines BS Series - Virtual Machines BS ,133.9,0.024,7.0614,743.98,0.00,0.14,107.17,0.05
SBC-Teams GoWingu,99999006,Azure Active Directory Domain Services - Azure ,837.04,0.15,7.0614,743.79,0.00,0.90,669.66,0.03
SBC-Teams GoWingu,99999006,Load Balancer - Load Balancer - new ,613.99,0.01,7.0614,8184.00,0.00,0.06,491.22,0.03
SBC-Teams GoWingu,99999006,Standard HDD Managed Disks - Standard HDD Managed ,69.11,1.536,7.0614,6.00,0.00,9.22,55.31,0.02
SBC-Teams GoWingu,99999006,Standard HDD Managed Disks - Standard HDD Managed ,2.64,0.05,7.0614,7.14,0.00,0.30,2.14,0.03
SBC-Teams GoWingu,99999006,Rtn Preference: MGN - Rtn Preference: MGN - new ,0,0,7.0614,0.10,0.00,0.00,0.00,0.00
SBC-Teams GoWingu,99999006,Load Balancer - Load Balancer - new ,2.38,0.005,7.0614,65.21,0.00,0.03,1.96,0.06
SBC-Teams GoWingu,99999006,Virtual Network Peering - Virtual Network Peering ,55.08,0.01,7.0614,734.39,0.00,0.06,44.08,0.02
SBC-Teams GoWingu,99999006,Standard SSD Managed Disks - Standard SSD Managed ,17.91,2.4,7.0614,1.00,0.00,14.41,14.40,0.07
SBC-Teams GoWingu,99999006,Bandwidth Inter-Region - Bandwidth Inter-Region - ,1.68,0.05,7.0614,4.62,0.00,0.30,1.39,0.05
SBC-Teams GoWingu,99999006,Tables - Tables - LRS - new ,0,0.045,7.0614,0.03,0.00,0.27,0.01,0.01
SBC-Teams GoWingu,99999006,Standard HDD Managed Disks - Standard HDD Managed ,0.53,0.05,7.0614,1.55,0.00,0.30,0.47,0.05
SBC-Teams GoWingu,99999006,Standard HDD Managed Disks - Standard HDD Managed ,3.18,0.0005,7.0614,863.54,0.00,0.00,2.59,0.05
SBC-Teams GoWingu,99999006,IP Addresses - IP Addresses - Basic IPv4 - new ,40.15,0.0036,7.0614,1488.00,0.00,0.02,32.15,0.03
SBC-Teams GoWingu,99999006,IP Addresses - IP Addresses - Standard IPv4 - new ,390.66,0.005,7.0614,10416.00,0.00,0.03,312.59,0.06
SBC-Teams GoWingu,99999006,Azure App Service Free Plan - Azure App Service ,0,0,7.0614,2.00,0.00,0.00,0.00,0.00
SBC-Teams GoWingu,99999006,General Block Blob - General Block Blob - LRS - ,0,0.00036,7.0614,1.55,0.00,0.00,0.00,0.00
SBC-Teams GoWingu,99999006,Backup - Backup - Standard - EU West - new ,1.31,0.0448,7.0614,4.09,0.00,0.27,1.10,0.05
SBC-Teams GoWingu,99999006,Bandwidth Inter-Region - Bandwidth Inter-Region - ,0,0.05,7.0614,5.00,0.00,0.00,0.00,0.00
SBC-Teams GoWingu,99999006,Standard HDD Managed Disks - Standard HDD Managed ,67.61,3.008,7.0614,3.00,0.00,18.05,54.16,0.07
SBC-Teams GoWingu,99999006,Standard SSD Managed Disks - Standard SSD Managed ,17.83,0.002,7.0614,1192.68,0.00,0.01,14.32,0.06
SBC-Teams GoWingu,99999006,Virtual Machines RI - Virtual Machines RI - new ,0,0,7.0614,2979.50,0.00,0.00,0.00,0.00
SBC-Teams GoWingu,99999006,Virtual Machines Dv2 Series - Virtual Machines Dv2 ,2.03,0.272,7.0614,1.00,0.00,1.63,1.63,0.01
SBC-Teams GoWingu,99999006,Premium SSD Managed Disks - Premium SSD Managed ,604.19,80.54,7.0614,1.00,0.00,483.42,483.39,0.04
SBC-Teams GoWingu,99999006,VPN Gateway - VPN Gateway - Basic - new ,200.89,0.036,7.0614,744.00,0.00,0.22,160.76,0.05
SBC-Teams GoWingu,99999006,Virtual Machines Dv2 Series - Virtual Machines Dv2 ,376.54,0.0679,7.0614,739.28,0.00,0.41,301.29,0.06
SBC-Teams GoWingu,99999006,Virtual Machines DSv2 Series - Reserved VM ,2761.36,78.21,7.0614,4.00,0.00,552.27,2209.09,0.01
GoWingu ApS,99999001,Bandwidth Inter-Region - Bandwidth Inter-Region - ,0,0.02,7.0614,0.02,0.00,0.12,0.00,0.00
GoWingu ApS,99999001,General Block Blob - General Block Blob - LRS - ,159.76,0.024,7.0614,887.56,0.00,0.14,127.85,0.04
GoWingu ApS,99999001,SQL Database - LTR Backup Storage - SQL Database - ,0.18,0.055,7.0614,0.61,0.00,0.33,0.20,0.06
GoWingu ApS,99999001,Azure Database for MySQL Single Server Basic - ,203.1,0.0364,7.0614,744.00,0.00,0.22,162.55,0.07
GoWingu ApS,99999001,Log Analytics - Log Analytics - Pay-as-you-go - EU ,0,2.76,7.0614,0.47,0.00,0.00,0.00,0.00
GoWingu ApS,99999001,General Block Blob - General Block Blob - LRS - ,0,0.00036,7.0614,0.01,0.00,0.00,0.00,0.00
GoWingu ApS,99999001,Rtn Preference: MGN - Rtn Preference: MGN - new ,0,0.087,7.0614,68.46,0.00,0.00,0.00,0.00
GoWingu ApS,99999001,Azure App Service Free Plan - Azure App Service ,0,0,7.0614,11.00,0.00,0.00,0.00,0.00
GoWingu ApS,99999001,Tables - Tables - LRS - new ,0,0.00036,7.0614,0.45,0.00,0.00,0.00,0.00
GoWingu ApS,99999001,Azure App Service Premium v2 Plan - Azure App ,1116.4,0.2,7.0614,744.00,0.00,1.20,893.13,0.01
GoWingu ApS,99999001,Azure Database for MySQL Single Server Basic - ,8.2,0.11,7.0614,10.00,0.00,0.66,6.60,0.04
GoWingu ApS,99999001,Standard HDD Managed Disks - Standard HDD Managed ,2.11,0.0005,7.0614,580.07,0.00,0.00,1.74,0.05
GoWingu ApS,99999001,Azure App Service Free Plan - Azure App Service ,0,0,7.0614,10.00,0.00,0.00,0.00,0.00
GoWingu ApS,99999001,Tables - Tables - LRS - new ,0,0.045,7.0614,0.00,0.00,0.27,0.00,0.00
GoWingu ApS,99999001,Bandwidth Inter-Region - Bandwidth Inter-Region - ,0,0.05,7.0614,0.03,0.00,0.00,0.00,0.00
GoWingu ApS,99999001,Virtual Machines RI - Virtual Machines RI - new ,0,0,7.0614,743.98,0.00,0.00,0.00,0.00
GoWingu ApS,99999001,Standard HDD Managed Disks - Standard HDD Managed ,44.13,5.888,7.0614,1.00,0.00,35.34,35.34,0.04
GoWingu ApS,99999001,IP Addresses - IP Addresses - Standard IPv4 - new ,27.89,0.005,7.0614,744.00,0.00,0.03,22.33,0.02
GoWingu ApS,99999001,SQL Database Single Standard - SQL Database Single ,225.08,0.4839,7.0614,62.00,0.00,2.90,180.08,0.02
GoWingu ApS,99999001,Windows Server Burst - Windows Server Burst - 2 ,44.58,0.008,7.0614,743.98,0.00,0.05,35.72,0.06
GoWingu ApS,99999001,General Block Blob - General Block Blob - LRS - ,0,0.00036,7.0614,0.03,0.00,0.00,0.00,0.00
GoWingu ApS,99999001,General Block Blob - General Block Blob - LRS - ,0,0.00036,7.0614,2.18,0.00,0.00,0.00,0.00
GoWingu ApS,99999001,Azure Database for MySQL Single Server - Backup ,27.45,0.11,7.0614,33.27,0.00,0.66,21.97,0.01
GoWingu ApS,99999001,Virtual Machines BS Series - Reserved VM Instance; ,116.41,13.19,7.0614,1.00,0.00,93.14,93.14,0.01
RackPeople ApS,99999003,Tables - Tables - LRS - new ,0,0.00036,7.0614,8.78,0.00,0.00,0.02,0.02
RackPeople ApS,99999003,Files - Files - LRS - new ,0,0.06,7.0614,0.15,0.00,0.36,0.05,0.05
RackPeople ApS,99999003,Functions - Functions - new ,36.1,0.000016,7.0614,301039.43,0.00,0.00,28.91,0.03
RackPeople ApS,99999003,Log Analytics - Log Analytics - Pay-as-you-go - EU ,118.36,2.76,7.0614,5.72,0.00,16.57,94.70,0.01
RackPeople ApS,99999003,Bandwidth Inter-Region - Bandwidth Inter-Region - ,0,0.05,7.0614,0.01,0.00,0.00,0.00,0.00
RackPeople ApS,99999003,Service Bus - Service Bus - Hybrid Connections - ,149.08,0.0134,7.0614,1483.44,0.00,0.08,119.31,0.05
RackPeople ApS,99999003,Azure App Service Premium v2 Plan - Azure App ,1116.4,0.2,7.0614,744.00,0.00,1.20,893.13,0.01
RackPeople ApS,99999003,Log Analytics - Log Analytics - Pay-as-you-go - EU ,0,2.76,7.0614,5.00,0.00,0.00,0.00,0.00
RackPeople ApS,99999003,Service Bus - Service Bus - Standard - new ,0,0.8,7.0614,0.00,0.00,0.00,0.00,0.00
RackPeople ApS,99999003,Azure App Service Standard Plan - Azure App ,1116.4,0.1,7.0614,1488.00,0.00,0.60,893.13,0.01
RackPeople ApS,99999003,General Block Blob - General Block Blob - LRS - ,0.53,0.00036,7.0614,198.47,0.00,0.00,0.43,0.01
RackPeople ApS,99999003,General Block Blob - General Block Blob - LRS - ,0,0.00036,7.0614,0.64,0.00,0.00,0.00,0.00
RackPeople ApS,99999003,Functions - Functions - new ,0,0.000002,7.0614,85832.00,0.00,0.00,0.00,0.00
RackPeople ApS,99999003,Files - Files - LRS - new ,6.7,0.015,7.0614,59.78,0.00,0.09,5.38,0.02
RackPeople ApS,99999003,Rtn Preference: MGN - Rtn Preference: MGN - new ,0,0.087,7.0614,0.30,0.00,0.00,0.00,0.00
RackPeople ApS,99999003,Tables - Tables - LRS - new ,0,0.00036,7.0614,27.68,0.00,0.00,0.06,0.06
RackPeople ApS,99999003,Tables - Tables - LRS - new ,5.11,0.045,7.0614,15.28,0.00,0.27,4.13,0.04
RackPeople ApS,99999003,Functions - Functions - new ,0,0.000016,7.0614,400000.00,0.00,0.00,0.00,0.00
RackPeople ApS,99999003,Service Bus - Service Bus - Hybrid Connections - ,0,1,7.0614,0.22,0.00,0.00,0.00,0.00
RackPeople ApS,99999003,Tables - Tables - LRS - new ,0,0.00036,7.0614,1.76,0.00,0.00,0.00,0.00
RackPeople ApS,99999003,Files - Files - LRS - new ,0.96,0.0015,7.0614,87.71,0.00,0.01,0.79,0.02
RackPeople ApS,99999003,SQL Database Single Basic - SQL Database Single ,74.85,0.161,7.0614,62.00,0.00,0.97,59.91,0.03
RackPeople ApS,99999003,Azure App Service Free Plan - Azure App Service ,0,0,7.0614,10.00,0.00,0.00,0.00,0.00
RackPeople ApS,99999003,Files - Files - LRS - new ,0.88,0.0015,7.0614,80.00,0.00,0.01,0.72,0.02
RackPeople ApS,99999003,General Block Blob - General Block Blob - LRS - ,0,0.00036,7.0614,3.20,0.00,0.00,0.01,0.01
RackPeople ApS,99999003,Azure App Service Free Plan - Azure App Service ,0,0,7.0614,2.95,0.00,0.00,0.00,0.00
RackPeople ApS,99999003,SQL Database Single Standard - SQL Database Single ,112.54,0.4839,7.0614,31.00,0.00,2.90,90.04,0.01
RackPeople ApS,99999003,General Block Blob - General Block Blob - LRS - ,0,0.024,7.0614,0.19,0.00,0.14,0.03,0.03
RackPeople ApS,99999003,Microsoft Teams Phone Standard - Microsoft Teams Phone Standard - addQuantity  3/22/2023-3/31/2023  March   ,-243.45,40.24,1,15.00,0.00,-12.98,-194.70,0.00
RackPeople ApS,99999003,Microsoft Teams Phone Standard - Microsoft Teams Phone Standard - addQuantity  3/17/2023-3/31/2023  March   ,-340.76,40.24,1,14.00,0.00,-19.47,-272.58,0.00
RackPeople ApS,99999003,Microsoft Teams Phone Standard - Microsoft Teams Phone Standard - addQuantity  3/22/2023-3/31/2023  March   ,259.68,40.24,1,16.00,0.00,12.98,207.68,0.00
RackPeople ApS,99999003,Microsoft Teams Phone Standard - Microsoft Teams Phone Standard - cycleCharge  3/1/2023-3/31/2023  March   ,704.2,40.24,1,14.00,0.00,40.24,563.36,0.00
RackPeople ApS,99999003,Microsoft Teams Phone Standard - Microsoft Teams Phone Standard - addQuantity  3/17/2023-3/31/2023  March   ,365.1,40.24,1,15.00,0.00,19.47,292.05,0.00
RackPeople ApS,99999003,Windows 365 Business - Windows 365 Business 2 vCPU; 4 GB; 64 GB - cycleCharge  3/10/2023-4/9/2023  March   ,207.99,166.39,1,1.00,0.00,166.39,166.39,0.00
RackPeople ApS,99999003,Dynamics 365 Business Central External Accountant - Dynamics 365 Business Central External Accountant - renew  3/13/2023-4/12/2023  March   ,0,0,1,3.00,0.00,0.00,0.00,0.00
RackPeople ApS,99999003,Power BI Premium Per User - Power BI Premium Per User - cycleCharge  3/24/2023-4/23/2023  March   ,125.9,100.72,1,1.00,0.00,100.72,100.72,0.00
CTGlobal,25188462,Logic Apps - Logic Apps - Consumption - new ,0,0.000025,7.0614,11.00,8.00,0.00,0.00,0.00
CTGlobal,25188462,Traffic Manager - Traffic Manager - Azure Endpoint ,0.26,0.54,7.0614,0.08,8.00,3.50,0.27,0.06
CTGlobal,25188462,Blob Storage - Blob Storage - Hot GRS - EU West - ,0,0.108,7.0614,0.00,8.00,0.70,0.00,0.00
CTGlobal,25188462,SQL Database Single Standard - SQL Database Single ,1125.31,4.8387,7.0614,31.00,8.00,31.37,972.35,72.10
CTGlobal,25188462,Tables - Tables - LRS - new ,0,0.00036,7.0614,0.00,8.00,0.00,0.00,0.00
CTGlobal,25188462,Virtual Machines Ebdsv5 Series - Virtual Machines ,18.18,0.374,7.0614,6.50,8.00,2.42,15.76,1.22
CTGlobal,25188462,Network Watcher - Network Watcher - new ,0,0.001,7.0614,2.00,8.00,0.00,0.00,0.00
CTGlobal,25188462,Microsoft Defender for SQL - Microsoft Defender ,112.54,15,7.0614,1.00,8.00,97.24,97.24,7.21
CTGlobal,25188462,Premium SSD Managed Disks - Premium SSD Managed ,0.09,5.2795,7.0614,0.00,8.00,34.22,0.14,0.07
CTGlobal,25188462,SQL Database - LTR Backup Storage - SQL Database - ,30.98,0.0595,7.0614,69.48,8.00,0.39,26.80,2.02
CTGlobal,25188462,Process Automation - Process Automation - Basic - ,0,0.002,7.0614,84.38,8.00,0.00,0.00,0.00
CTGlobal,25188462,Traffic Manager - Traffic Manager - Traffic View - ,1.05,2,7.0614,0.07,8.00,12.96,0.92,0.08
CTGlobal,25188462,Log Analytics - Log Analytics - Pay-as-you-go - EU ,0,2.76,7.0614,0.52,8.00,0.00,0.00,0.00
CTGlobal,25188462,Standard HDD Managed Disks - Standard HDD Managed ,44.13,5.888,7.0614,1.00,8.00,38.17,38.17,2.87
CTGlobal,25188462,Blob Storage - Blob Storage - Hot LRS - EU North - ,0,0.004,7.0614,0.85,8.00,0.03,0.02,0.02
CTGlobal,25188462,Virtual Machines BS Series - Virtual Machines BS ,0.09,0.045,7.0614,0.48,8.00,0.29,0.14,0.07
CTGlobal,25188462,Files - Files - LRS - new ,0,0.0015,7.0614,0.02,8.00,0.01,0.00,0.00
CTGlobal,25188462,Queues - Queues - LRS - new ,0,0.00036,7.0614,0.00,8.00,0.00,0.00,0.00
CTGlobal,25188462,Tables - Tables - LRS - new ,69.9,0.045,7.0614,207.22,8.00,0.29,60.45,4.53
CTGlobal,25188462,Blob Storage - Blob Storage - Hot LRS - EU West - ,0,0.0043,7.0614,0.03,8.00,0.03,0.00,0.00
CTGlobal,25188462,Standard HDD Managed Disks - Standard HDD Managed ,11.46,1.536,7.0614,1.00,8.00,9.96,9.96,0.79
CTGlobal,25188462,IP Addresses - IP Addresses - Basic IPv4 - new ,14.2,0.0036,7.0614,528.47,8.00,0.02,12.33,0.97
CTGlobal,25188462,Rtn Preference: MGN - Rtn Preference: MGN - new ,0,0.087,7.0614,100.00,8.00,0.00,0.00,0.00
CTGlobal,25188462,SignalR - SignalR - new ,0,0,7.0614,62.00,8.00,0.00,0.00,0.00
CTGlobal,25188462,Azure App Service Shared Plan - Azure App Service ,72.55,0.013,7.0614,744.00,8.00,0.08,62.70,4.66
CTGlobal,25188462,General Block Blob - General Block Blob - LRS - ,0,0.00036,7.0614,22.42,8.00,0.00,0.05,0.05
CTGlobal,25188462,General Block Blob - General Block Blob - LRS - ,0,0.00036,7.0614,0.00,8.00,0.00,0.00,0.00
CTGlobal,25188462,Virtual Machines Ev3 Series - Virtual Machines Ev3 ,2.46,0.141,7.0614,2.37,8.00,0.91,2.16,0.19
CTGlobal,25188462,General Block Blob - General Block Blob - LRS - ,0,0.00036,7.0614,0.00,8.00,0.00,0.00,0.00
CTGlobal,25188462,Azure Repos and Boards (Basic) - Azure Repos and ,47.84,6,7.0614,1.06,8.00,38.89,41.40,3.13
CTGlobal,25188462,Azure Monitor - Azure Monitor - Alerts - new ,6.26,0.1,7.0614,8.44,8.00,0.65,5.47,0.46
CTGlobal,25188462,Azure Monitor - Azure Monitor - Alerts - new ,0,0.1,7.0614,10.00,8.00,0.00,0.00,0.00
CTGlobal,25188462,Traffic Manager - Traffic Manager - Azure Endpoint ,5.38,0.36,7.0614,2.00,8.00,2.33,4.67,0.37
CTGlobal,25188462,Blob Storage - Blob Storage - Hot LRS - EU North - ,0,0.05,7.0614,0.08,8.00,0.32,0.03,0.03
CTGlobal,25188462,Standard Page Blob v2 - Standard Page Blob v2 - ,0,0.0005,7.0614,20.73,8.00,0.00,0.07,0.07
CTGlobal,25188462,Tables - Tables - LRS - new ,0,0.00036,7.0614,3.06,8.00,0.00,0.01,0.01
CTGlobal,25188462,Azure App Service Standard Plan - Azure App ,1674.6,0.1,7.0614,2232.00,8.00,0.65,1446.86,107.18
CTGlobal,25188462,Blob Storage - Blob Storage - Hot LRS - EU West - ,3.7,0.0196,7.0614,25.34,8.00,0.13,3.22,0.26
CTGlobal,25188462,Log Analytics - Log Analytics - Pay-as-you-go - EU ,0,2.99,7.0614,5.00,8.00,0.00,0.00,0.00
CTGlobal,25188462,Standard HDD Managed Disks - Standard HDD Managed ,307.25,40.96,7.0614,1.00,8.00,265.52,265.50,19.70
CTGlobal,25188462,Azure App Service Free Plan - Azure App Service ,0,0,7.0614,10.00,8.00,0.00,0.00,0.00
CTGlobal,25188462,Standard Page Blob v2 - Standard Page Blob v2 - ,28.78,0.045,7.0614,85.26,8.00,0.29,24.87,1.85
CTGlobal,25188462,Tables - Tables - RA-GRS - new ,0,0.075,7.0614,0.01,8.00,0.49,0.00,0.00
CTGlobal,25188462,Files - Files - LRS - new ,0,0.0015,7.0614,0.01,8.00,0.01,0.00,0.00
CTGlobal,25188462,Bandwidth Inter-Region - Bandwidth Inter-Region - ,0,0.05,7.0614,0.00,8.00,0.00,0.00,0.00
CTGlobal,25188462,Bandwidth Inter-Region - Bandwidth Inter-Region - ,0,0.02,7.0614,0.05,8.00,0.13,0.01,0.01
CTGlobal,25188462,Tables - Tables - LRS - new ,0,0.00036,7.0614,0.00,8.00,0.00,0.00,0.00
CTGlobal,25188462,General Block Blob - General Block Blob - LRS - ,0,0.024,7.0614,0.04,8.00,0.16,0.01,0.01
CTGlobal,25188462,Azure App Service Free Plan - Azure App Service ,0,0,7.0614,23.00,8.00,0.00,0.00,0.00
CTGlobal,25188462,Files - Files - LRS - new ,0,0.015,7.0614,0.00,8.00,0.10,0.00,0.00
CTGlobal,25188462,Blob Storage - Blob Storage - Hot LRS - EU West - ,0,0.054,7.0614,0.00,8.00,0.35,0.00,0.00
CTGlobal,25188462,Virtual Machines Dsv4 Series - Virtual Machines ,7.85,0.214,7.0614,4.90,8.00,1.39,6.80,0.52
CTGlobal,25188462,IP Addresses - IP Addresses - Basic IPv4 - new ,0.09,0.004,7.0614,4.91,8.00,0.03,0.13,0.06
CTGlobal,25188462,Queues v2 - Queues v2 - LRS - EU North - new ,0,0.004,7.0614,0.00,8.00,0.03,0.00,0.00
CTGlobal,25188462,Log Analytics - Log Analytics - Pay-as-you-go - EU ,677.28,2.99,7.0614,30.19,8.00,19.38,585.23,43.41
CTGlobal,25188462,Blob Storage - Blob Storage - Hot LRS - EU North - ,0,0.004,7.0614,1.13,8.00,0.03,0.03,0.03
CTGlobal,25188462,Blob Storage - Blob Storage - Hot LRS - EU West - ,0,0.054,7.0614,0.00,8.00,0.35,0.00,0.00
CTGlobal,25188462,General Block Blob - General Block Blob - LRS - ,0,0.00036,7.0614,0.00,8.00,0.00,0.00,0.00
CTGlobal,25188462,Storage - Bandwidth - Storage - Bandwidth - ,0,0,7.0614,0.05,8.00,0.00,0.00,0.00
CTGlobal,25188462,Standard Page Blob v2 - Standard Page Blob v2 - ,0.35,0.0005,7.0614,107.90,8.00,0.00,0.35,0.07
CTGlobal,25188462,SQL Database Single Standard - SQL Database Single ,1125.68,2.42,7.0614,62.00,8.00,15.69,972.61,72.07
CTGlobal,25188462,Files - Files - LRS - new ,0,0.015,7.0614,0.01,8.00,0.10,0.00,0.00
CTGlobal,25188462,Azure Pipelines - Azure Pipelines - ,900.33,40,7.0614,3.00,8.00,259.29,777.88,57.62
CTGlobal,25188462,SignalR - SignalR - new ,1123.38,1.61,7.0614,93.00,8.00,10.44,970.60,71.90
CTGlobal,25188462,Virtual Machines Dv2 Series - Virtual Machines Dv2 ,2.55,0.132,7.0614,2.62,8.00,0.86,2.24,0.20
CTGlobal,25188462,Key Vault - Key Vault - Premium - new ,0,0.03,7.0614,0.02,8.00,0.19,0.00,0.00
CTGlobal,25188462,Files - Files - LRS - new ,2.2,0.06,7.0614,5.00,8.00,0.39,1.94,0.18
CTGlobal,25188462,Rtn Preference: MGN - Rtn Preference: MGN - new ,147.84,0.087,7.0614,226.51,8.00,0.56,127.74,9.47
CTGlobal,25188462,Azure Monitor - Azure Monitor - Emails - new ,0,0.00002,7.0614,6.00,8.00,0.00,0.00,0.00
CTGlobal,25188462,Rtn Preference: MGN - Rtn Preference: MGN - new ,0,0,7.0614,0.00,8.00,0.00,0.00,0.00
CTGlobal,25188462,Blob Storage - Blob Storage - Hot LRS - EU West - ,0,0.0043,7.0614,0.08,8.00,0.03,0.00,0.00
CTGlobal,25188462,Azure App Service Premium v2 Plan - Azure App ,17862.51,0.8,7.0614,2976.00,8.00,5.19,15433.22,1143.21
CTGlobal,25188462,Logic Apps - Logic Apps - Consumption - new ,0.26,0.12,7.0614,0.31,8.00,0.78,0.24,0.03
CTGlobal,25188462,SQL Database Single Standard - SQL Database Single ,337.61,0.4839,7.0614,93.00,8.00,3.14,291.72,21.63
CTGlobal,25188462,Blob Storage - Blob Storage - Hot LRS - EU North - ,0,0.05,7.0614,0.01,8.00,0.32,0.00,0.00
CTGlobal,25188462,Standard Page Blob v2 - Standard Page Blob v2 - ,0.35,0.0005,7.0614,97.31,8.00,0.00,0.32,0.04
CTGlobal,25188462,Tables - Tables - GRS - new ,0,0.00036,7.0614,0.90,8.00,0.00,0.00,0.00
CTGlobal,25188462,Azure DNS - Azure DNS - Public - new ,11.2,0.5,7.0614,3.00,8.00,3.24,9.72,0.76
CTGlobal,25188462,Logic Apps - Logic Apps - Consumption - new ,41.56,0.000125,7.0614,44398.00,8.00,0.00,35.98,2.73
Skypecall.me,99999004,Azure App Service Free Plan - Linux - Azure App ,0,0,7.0614,3.00,0.00,0.00,0.00,0.00
Skypecall.me,99999004,Tables - Tables - LRS - new ,0,0.045,7.0614,0.01,0.00,0.27,0.00,0.00
Skypecall.me,99999004,Tables - Tables - LRS - new ,0,0.00036,7.0614,1.36,0.00,0.00,0.00,0.00
Skypecall.me,99999004,Blob Storage - Blob Storage - Hot LRS - EU North - ,0,0.004,7.0614,0.06,0.00,0.02,0.00,0.00
Skypecall.me,99999004,Azure App Service Standard Plan - Linux - Azure ,530.21,0.095,7.0614,744.00,0.00,0.57,424.23,0.06
Skypecall.me,99999004,Blob Storage - Blob Storage - Hot LRS - EU North - ,0,0.022,7.0614,0.01,0.00,0.13,0.00,0.00
AVS Danmark,79293210,Backup - Backup-Standard -Det nordlige Europa - ,18.98,0.0448,7.0614,56.71,22.00,0.33,18.60,3.42
AVS Danmark,79293210,VPN Gateway - VPN Gateway-VpnGw1  - new ,1060.53,0.19,7.0614,744.00,22.00,1.39,1035.13,186.71
AVS Danmark,79293210,Backup - Backup-Standard -Det vestlige Europa - ,497.2,0.0448,7.0614,1479.40,22.00,0.33,485.33,87.57
AVS Danmark,79293210,Backup - Backup-Server i det lokale miljø -Det ,74.94,10,7.0614,1.00,22.00,73.23,73.23,13.28
AVS Danmark,79293210,Premium-filer - Premium-filer - LRS - Det vestlige ,144.05,0.192,7.0614,100.00,22.00,1.41,140.60,25.36
AVS Danmark,79293210,Blob Storage - Blob Storage - Varm LRS - Det ,0,0.0043,7.0614,0.02,22.00,0.03,0.00,0.00
AVS Danmark,79293210,Tables - Tables - LRS - new ,0,0.00036,7.0614,0.91,22.00,0.00,0.00,0.00
AVS Danmark,79293210,Filer - Filer - LRS - new ,2.2,0.06,7.0614,5.00,22.00,0.44,2.20,0.44
AVS Danmark,79293210,Tables - Tables - LRS - new ,0,0.045,7.0614,0.01,22.00,0.33,0.00,0.00
AVS Danmark,79293210,Backup - Backup-Azure VM -Det nordlige Europa - ,74.94,10,7.0614,1.00,22.00,73.23,73.23,13.28
AVS Danmark,79293210,Generel blok-blob - Generel blok-blob - LRS - new ,0,0.00036,7.0614,0.02,22.00,0.00,0.00,0.00
AVS Danmark,79293210,Microsoft 365 Business Standard - Microsoft 365 Business Standard - renew  3/28/2023-4/27/2023  March   ,94.44,75.55,1,1.00,25.00,94.44,94.44,18.89
AVS Danmark,79293210,Office 365 E3 - Office 365 E3 - cycleCharge 3/28/2023-4/27/2023  March   ,168.4,134.72,1,1.00,25.00,168.40,168.40,33.68
AVS Danmark,79293210,Microsoft 365 Business Basic - Microsoft 365 Business Basic - cycleCharge  3/28/2023-4/27/2023  March   ,37.8,30.24,1,1.00,25.00,37.80,37.80,7.56
AVS Danmark,79293210,Exchange Online (Plan 1) - Exchange Online (Plan 1) - cycleCharge  3/28/2023-4/27/2023  March   ,100.8,20.16,1,4.00,25.00,25.20,100.80,20.16
AVS Danmark,79293210,Microsoft 365 Business Premium - Microsoft 365 Business Premium - new  3/16/2023-4/15/2023  March   ,0,0,1,25.00,25.00,0.00,0.00,0.00
AVS Danmark,79293210,Microsoft 365 Business Standard - Microsoft 365 Business Standard - cycleCharge  3/28/2023-4/27/2023  March   ,1337.9,62.96,1,17.00,25.00,78.70,1337.90,267.58
AVS Danmark,79293210,Exchange Online (Plan 1) - Exchange Online (Plan 1) - cycleCharge  3/28/2023-4/27/2023  March   ,100.8,20.16,1,4.00,25.00,25.20,100.80,20.16
AVS Danmark,79293210,Microsoft Defender for Office 365 (Plan 1) - Microsoft Defender for Office 365 (Plan 1) - cycleCharge  3/28/2023-4/27/2023  March   ,277.2,10.08,1,22.00,25.00,12.60,277.20,55.44
New Co,99999002,General Block Blob - General Block Blob - LRS - ,0,0.00036,7.0614,0.02,0.00,0.00,0.00,0.00
New Co,99999002,Files - Files - LRS - new ,4.5,0.06,7.0614,10.01,0.00,0.36,3.61,0.01
New Co,99999002,Blob Storage - Blob Storage - Hot LRS - EU North - ,0,0.022,7.0614,0.01,0.00,0.13,0.00,0.00
New Co,99999002,Azure App Service Basic Plan - Linux - Azure App ,100.44,0.018,7.0614,744.00,0.00,0.11,80.38,0.03
New Co,99999002,Files - Files - LRS - new ,0,0.0015,7.0614,0.14,0.00,0.01,0.00,0.00
New Co,99999002,Azure App Service Free Plan - Linux - Azure App ,0,0,7.0614,1.00,0.00,0.00,0.00,0.00
New Co,99999002,Blob Storage - Blob Storage - Hot LRS - US East - ,0,0.004,7.0614,0.04,0.00,0.02,0.00,0.00
New Co,99999002,Azure App Service Standard Plan - Azure App ,1116.4,0.1,7.0614,1488.00,0.00,0.60,893.13,0.01
New Co,99999002,Blob Storage - Blob Storage - Hot LRS - EU North - ,0,0.004,7.0614,0.06,0.00,0.02,0.00,0.00
New Co,99999002,SQL Database Single/Elastic Pool General Purpose - ,39.45,0.1265,7.0614,41.60,0.00,0.76,31.59,0.03
New Co,99999002,Rtn Preference: MGN - Rtn Preference: MGN - new ,0,0.087,7.0614,0.02,0.00,0.00,0.00,0.00
New Co,99999002,Files - Files - LRS - new ,0,0.0015,7.0614,1.54,0.00,0.01,0.01,0.01
New Co,99999002,SQL Database Single/Elastic Pool General Purpose - ,1733.3,0.155261,7.0614,1488.00,0.00,0.93,1386.68,0.04
New Co,99999002,SQL Database Single/Elastic Pool General Purpose - ,1115.96,0.099966,7.0614,1488.00,0.00,0.60,892.82,0.05
New Co,99999002,Service Bus - Service Bus - Hybrid Connections - ,74.49,0.0134,7.0614,741.67,0.00,0.08,59.65,0.06
New Co,99999002,Tables - Tables - LRS - new ,0,0.00036,7.0614,3.63,0.00,0.00,0.01,0.01
New Co,99999002,Azure App Service Free Plan - Azure App Service ,0,0,7.0614,5.00,0.00,0.00,0.00,0.00
New Co,99999002,Geographic Numbers - Geographic Numbers - DK - US ,42.98,0.82,7.0614,7.00,0.00,4.92,34.45,0.07
New Co,99999002,Service Bus - Service Bus - Standard - new ,0,0.8,7.0614,0.00,0.00,0.00,0.00,0.00
New Co,99999002,Tables - Tables - LRS - new ,0,0.045,7.0614,0.03,0.00,0.27,0.01,0.01
New Co,99999002,Files - Files - LRS - new ,0,0.015,7.0614,0.70,0.00,0.09,0.06,0.06
New Co,99999002,Blob Storage - Blob Storage - Hot LRS - EU West - ,0,0.0043,7.0614,0.04,0.00,0.03,0.00,0.00
New Co,99999002,General Block Blob - General Block Blob - LRS - ,0,0.024,7.0614,0.01,0.00,0.14,0.00,0.00
New Co,99999002,Microsoft Teams Phone Standard - Microsoft Teams Phone Standard - renew  3/21/2023-4/20/2023  March   ,181.08,48.29,1,3.00,25.00,60.36,181.09,36.22
New Co,99999002,Microsoft Teams Phone Resource Account - Microsoft Teams Phone Resource Account - renew  3/21/2023-4/20/2023  March   ,0,0,1,25.00,25.00,0.00,0.00,0.00
Fonden af 28. maj 1948,50861015,Tables - Tables - LRS - new ,0,0.00036,7.0614,0.46,25.00,0.00,0.00,0.00
Fonden af 28. maj 1948,50861015,Tables - Tables - LRS - new ,0,0.045,7.0614,0.00,25.00,0.34,0.00,0.00
Fonden af 28. maj 1948,50861015,Blob Storage - Blob Storage - Hot LRS - EU West - ,0,0.0043,7.0614,0.01,25.00,0.03,0.00,0.00
INTERN A/S,20284072,Office 365 F3 - Office 365 F3 - cycleCharge 3/28/2023-4/27/2023  March   ,277.2,20.16,1,11.00,25.00,25.20,277.20,55.44
INTERN A/S,20284072,Exchange Online (Plan 1) - Exchange Online (Plan 1) - cycleCharge  3/28/2023-4/27/2023  March   ,25.2,20.16,1,1.00,25.00,25.20,25.20,5.04
INTERN A/S,20284072,Project Plan 3 - Project Plan 3 - cycleCharge 3/28/2023-4/27/2023  March   ,1510.4,151.04,1,8.00,25.00,188.80,1510.40,302.08
INTERN A/S,20284072,Microsoft 365 Business Basic - Microsoft 365 Business Basic - renew  3/1/2023-3/31/2023  March   ,136.08,36.29,1,3.00,25.00,45.36,136.09,27.22
INTERN A/S,20284072,Microsoft 365 Business Premium - Microsoft 365 Business Premium - cycleCharge  3/28/2023-4/27/2023  March   ,1939,110.8,1,14.00,25.00,138.50,1939.00,387.80
Atcom Aps,26097282,Visio Plan 2 - Visio Plan 2 - cycleCharge 3/28/2023-4/27/2023  March   ,1132.8,75.52,1,12.00,25.00,94.40,1132.80,226.56
Atcom Aps,26097282,Exchange Online (Plan 1) - Exchange Online (Plan 1) - cycleCharge  3/28/2023-4/27/2023  March   ,50.4,20.16,1,2.00,25.00,25.20,50.40,10.08
Atcom Aps,26097282,Microsoft 365 E5 - Microsoft 365 E5 - cycleCharge 3/28/2023-4/27/2023  March   ,5615.4,320.88,1,14.00,25.00,401.10,5615.40,1123.08
Atcom Aps,26097282,Microsoft Teams Phone Resource Account - Microsoft Teams Phone Resource Account - renew  3/21/2023-4/20/2023  March   ,0,0,1,5.00,25.00,0.00,0.00,0.00
Atcom Aps,26097282,Microsoft 365 E5 - Microsoft 365 E5 - renew 3/28/2023-4/27/2023  March   ,1443.99,385.06,1,3.00,25.00,481.33,1443.98,288.80
Atcom Aps,26097282,Visio Plan 2 - Visio Plan 2 - renew 3/28/2023-4/27/2023  March   ,339.84,90.62,1,3.00,25.00,113.28,339.83,67.97
GOSH Copenhagen,89885019,Microsoft 365 Business Premium - Microsoft 365 Business Premium - cycleCharge  3/28/2023-4/27/2023  March   ,6509.5,110.8,1,47.00,25.00,138.50,6509.50,1301.90
GOSH Copenhagen,89885019,Power BI Pro - Power BI Pro - cycleCharge 3/28/2023-4/27/2023  March   ,817.7,50.32,1,13.00,25.00,62.90,817.70,163.54
GOSH Copenhagen,89885019,Microsoft 365 Business Basic - Microsoft 365 Business Basic - cycleCharge  3/28/2023-4/27/2023  March   ,453.6,30.24,1,12.00,25.00,37.80,453.60,90.72
GOSH Copenhagen,89885019,Microsoft 365 Business Basic - Microsoft 365 Business Basic - renew  3/28/2023-4/27/2023  March   ,90.72,36.29,1,2.00,25.00,45.36,90.73,18.15
GOSH Copenhagen,89885019,Azure Active Directory Premium P2 - Azure Active Directory Premium P2 - new  3/28/2023-2/29/2024  March   ,1258.2,543.36,1,2.00,25.00,629.10,1258.20,251.64
GOSH Copenhagen,89885019,Microsoft 365 Business Standard - Microsoft 365 Business Standard - cycleCharge  3/28/2023-4/27/2023  March   ,708.3,62.96,1,9.00,25.00,78.70,708.30,141.66
GOSH Copenhagen,89885019,Microsoft 365 Business Premium - Microsoft 365 Business Premium - renew  3/28/2023-4/27/2023  March   ,664.8,132.96,1,4.00,25.00,166.20,664.80,132.96
GOSH Copenhagen,89885019,Microsoft Teams Phone Standard - Microsoft Teams Phone Standard - cycleCharge  3/28/2023-4/27/2023  March   ,2313.8,40.24,1,46.00,25.00,50.30,2313.80,462.76
GOSH Copenhagen,89885019,Microsoft Teams Rooms Standard - Microsoft Teams Rooms Standard - cycleCharge  3/1/2023-3/31/2023  March   ,236,94.4,1,2.00,9.00,102.90,205.79,16.99
GOSH Copenhagen,89885019,Exchange Online (Plan 1) - Exchange Online (Plan 1) - renew  3/12/2023-4/11/2023  March   ,30.24,24.19,1,1.00,25.00,30.24,30.24,6.05
GOSH Copenhagen,89885019,Microsoft 365 Audio Conferencing - Microsoft 365 Audio Conferencing - cycleCharge  3/28/2023-4/27/2023  March   ,1393.73,15.7,1,71.00,25.00,19.63,1393.38,278.68
GOSH Copenhagen,89885019,Exchange Online (Plan 2) - Exchange Online (Plan 2) - new  3/15/2023-4/14/2023  March   ,60.36,48.29,1,1.00,25.00,60.36,60.36,12.07
GOSH Copenhagen,89885019,Microsoft Teams Phone Standard - Microsoft Teams Phone Standard - renew  3/28/2023-4/27/2023  March   ,181.08,48.29,1,3.00,25.00,60.36,181.09,36.22
ECO-LOCAXION IVS,39993775,Office 365 E3 - Office 365 E3 - addQuantity 3/23/2023-3/31/2023  March   ,146.67,134.72,1,3.00,25.0,48.89,146.66,29.33
ECO-LOCAXION IVS,39993775,Project Plan 3 - Project Plan 3 - addQuantity 3/23/2023-3/31/2023  March   ,-54.81,151.04,1,1.00,25.00,-54.81,-54.81,-10.96
ECO-LOCAXION IVS,39993775,Office 365 E3 - Office 365 E3 - cycleCharge 3/1/2023-3/31/2023  March   ,336.8,134.72,1,2.00,25.00,168.40,336.80,67.36
ECO-LOCAXION IVS,39993775,Project Plan 3 - Project Plan 3 - addQuantity 3/23/2023-3/31/2023  March   ,109.62,151.04,1,2.00,25.0,54.81,109.63,21.93
ECO-LOCAXION IVS,39993775,Project Plan 3 - Project Plan 3 - cycleCharge 3/1/2023-3/31/2023  March   ,188.8,151.04,1,1.00,25.00,188.80,188.80,37.76
ECO-LOCAXION IVS,39993775,Visio Plan 2 - Visio Plan 2 - addQuantity 3/23/2023-3/31/2023  March   ,54.82,75.52,1,2.00,25.0,27.41,54.83,10.97
ECO-LOCAXION IVS,39993775,Office 365 E3 - Office 365 E3 - addQuantity 3/23/2023-3/31/2023  March   ,-97.78,134.72,1,2.00,25.00,-48.89,-97.78,-19.56
ECO-LOCAXION IVS,39993775,Office 365 E1 - Office 365 E1 - new 3/27/2023-4/26/2023  March   ,75.48,60.38,1,1.00,25.00,75.48,75.48,15.10
ECO-LOCAXION IVS,39993775,Visio Plan 2 - Visio Plan 2 - cycleCharge 3/1/2023-3/31/2023  March   ,94.4,75.52,1,1.00,25.00,94.40,94.40,18.88
ECO-LOCAXION IVS,39993775,Office 365 E1 - Office 365 E1 - cancelImmediate 3/27/2023-4/26/2023  March   ,-75.48,60.38,1,1.00,25.00,-75.48,-75.48,-15.10
ECO-LOCAXION IVS,39993775,Visio Plan 2 - Visio Plan 2 - addQuantity 3/23/2023-3/31/2023  March   ,-27.41,75.52,1,1.00,25.00,-27.41,-27.41,-5.48
Personalegruppen A/S,28706650,Exchange Online (Plan 1) - Exchange Online (Plan 1) - renew  3/28/2023-4/27/2023  March   ,30.24,24.19,1,1.00,25.00,30.24,30.24,6.05
Personalegruppen A/S,28706650,Microsoft 365 Business Premium - Microsoft 365 Business Premium - cycleCharge  3/21/2023-4/20/2023  March   ,4986,110.8,1,36.00,25.00,138.50,4986.00,997.20
Eco-Locaxion,43676911,Microsoft 365 E3 - Microsoft 365 E3 - cycleCharge 3/30/2023-4/29/2023  March   ,263.6,210.88,1,1.00,25.00,263.60,263.60,52.72
Eco-Locaxion,43676911,Microsoft Defender for Office 365 (Plan 1) - Microsoft Defender for Office 365 (Plan 1) - cycleCharge  3/30/2023-4/29/2023  March   ,12.6,10.08,1,1.00,25.00,12.60,12.60,2.52
Gammelbys,29687765,Microsoft Teams Phone Standard - Microsoft Teams Phone Standard - cycleCharge  3/28/2023-4/27/2023  March   ,704.2,40.24,1,14.00,25.00,50.30,704.20,140.84
Gammelbys,29687765,Microsoft 365 Apps for business - Microsoft 365 Apps for business - cycleCharge  3/28/2023-4/27/2023  March   ,65.8,52.64,1,1.00,25.00,65.80,65.80,13.16
Gammelbys,29687765,Microsoft 365 Business Premium - Microsoft 365 Business Premium - renew  3/28/2023-4/27/2023  March   ,332.4,132.96,1,2.00,25.00,166.20,332.40,66.48
Gammelbys,29687765,Microsoft 365 Audio Conferencing Adoption Promo - Microsoft 365 Business Voice Adoption Promo - Microsoft 365 Audio Conferencing - cycleCharge  3/29/2023-4/28/2023  March   ,0,15.7,1,15.00,25.00,0.00,0.00,0.00
Gammelbys,29687765,Microsoft 365 Business Basic - Microsoft 365 Business Basic - cycleCharge  3/28/2023-4/27/2023  March   ,37.8,30.24,1,1.00,25.00,37.80,37.80,7.56
Gammelbys,29687765,Office 365 F3 - Office 365 F3 - cycleCharge 3/28/2023-4/27/2023  March   ,25.2,20.16,1,1.00,25.00,25.20,25.20,5.04
Gammelbys,29687765,Microsoft 365 Business Premium - Microsoft 365 Business Premium - cycleCharge  3/28/2023-4/27/2023  March   ,2077.5,110.8,1,15.00,25.00,138.50,2077.50,415.50
Gammelbys,29687765,Exchange Online (Plan 1) - Exchange Online (Plan 1) - cycleCharge  3/28/2023-4/27/2023  March   ,176.4,20.16,1,7.00,25.00,25.20,176.40,35.28
Klinik Socius,41740604,Microsoft 365 Business Premium - Microsoft 365 Business Premium - cycleCharge  3/24/2023-4/23/2023  March   ,2354.5,110.8,1,17.00,25.00,138.50,2354.50,470.90
Nord Tech Industrisystemer,18175509,Exchange Online (Plan 2) - Exchange Online (Plan 2) - renew  3/17/2023-4/16/2023  March   ,50.3,40.24,1,1.00,25.00,50.30,50.30,10.06
Nord Tech Industrisystemer,18175509,Microsoft 365 Business Basic - Microsoft 365 Business Basic - renew  3/17/2023-4/16/2023  March   ,113.4,30.24,1,3.00,25.00,37.80,113.40,22.68
Nord Tech Industrisystemer,18175509,Dynamics 365 Business Central Essentials - Dynamics 365 Business Central Essentials - cycleCharge  3/1/2023-3/31/2023  March   ,385.44,308.35,1,1.00,25.00,385.44,385.44,77.09
Nord Tech Industrisystemer,18175509,Microsoft 365 Business Premium - Microsoft 365 Business Premium - renew  3/17/2023-4/16/2023  March   ,3878,110.8,1,28.00,25.00,138.50,3878.00,775.60
Nord Tech Industrisystemer,18175509,Microsoft Teams Phone Standard - Microsoft Teams Phone Standard - renew  3/12/2023-4/11/2023  March   ,1156.9,40.24,1,23.00,25.00,50.30,1156.90,231.38
Nord Tech Industrisystemer,18175509,Visio Plan 2 - Visio Plan 2 - renew 3/17/2023-4/16/2023  March   ,94.4,75.52,1,1.00,25.00,94.40,94.40,18.88
CO:PLAY Advokatpartnerselskab,41110546,Microsoft 365 E3 - Microsoft 365 E3 - cycleCharge 3/28/2023-4/27/2023  March   ,6590,210.88,1,25.00,25.00,263.60,6590.00,1318.00
CO:PLAY Advokatpartnerselskab,41110546,Office 365 E1 - Office 365 E1 - cycleCharge 3/28/2023-4/27/2023  March   ,62.9,50.32,1,1.00,25.00,62.90,62.90,12.58
CO:PLAY Advokatpartnerselskab,41110546,Power BI Pro - Power BI Pro - cycleCharge 3/28/2023-4/27/2023  March   ,754.8,50.32,1,12.00,25.00,62.90,754.80,150.96
CO:PLAY Advokatpartnerselskab,41110546,Exchange Online (Plan 1) - Exchange Online (Plan 1) - cycleCharge  3/28/2023-4/27/2023  March   ,75.6,20.16,1,3.00,25.00,25.20,75.60,15.12
CO:PLAY Advokatpartnerselskab,41110546,Microsoft Teams Rooms Standard - Microsoft Teams Rooms Standard - cycleCharge  3/28/2023-4/27/2023  March   ,118,94.4,1,1.00,25.00,118.00,118.00,23.60
Mads & Vitus,28689942,Microsoft 365 Business Standard - Microsoft 365 Business Standard - cycleCharge  3/23/2023-4/22/2023  March   ,393.5,62.96,1,5.00,25.00,78.70,393.50,78.70
Mads & Vitus,28689942,Microsoft Teams Phone Standard - Microsoft Teams Phone Standard - cycleCharge  3/23/2023-4/22/2023  March   ,201.2,40.24,1,4.00,25.00,50.30,201.20,40.24
RackpeopleTest,99999005,Modern Work SMB Promo - Microsoft Teams Essentials (AAD Identity) - Microsoft Teams Essentials (AAD Identity) - cycleCharge  3/12/2023-4/11/2023  March   ,56.7,20.16,1,3.00,25.00,18.90,56.70,11.34
viks,27260551,Microsoft 365 Business Standard - Microsoft 365 Business Standard - renew  3/25/2023-4/24/2023  March   ,188.88,75.55,1,2.00,25.00,94.44,188.88,37.78
Tal Digital,43630962,Microsoft 365 Business Premium - Microsoft 365 Business Premium - cycleCharge  3/1/2023-3/31/2023  March   ,138.5,110.8,1,1.00,25.00,138.50,138.50,27.70
Langvad Arkitekter,77213813,Project Plan 3 - Project Plan 3 - cycleCharge 3/28/2023-4/27/2023  March   ,188.8,151.04,1,1.00,25.00,188.80,188.80,37.76
Langvad Arkitekter,77213813,Microsoft 365 Business Premium - Microsoft 365 Business Premium - cycleCharge  3/1/2023-3/31/2023  March   ,138.5,110.8,1,1.00,25.00,138.50,138.50,27.70
Langvad Arkitekter,77213813,Exchange Online (Plan 1) - Exchange Online (Plan 1) - cycleCharge  3/28/2023-4/27/2023  March   ,50.4,20.16,1,2.00,25.00,25.20,50.40,10.08
Bendix Transport,18236133,Exchange Online (Plan 1) - Exchange Online (Plan 1) - cycleCharge  3/28/2023-4/27/2023  March   ,100.8,20.16,1,4.00,25.00,25.20,100.80,20.16
Bendix Transport,18236133,Enterprise Mobility + Security E3 - Enterprise Mobility + Security E3 - cycleCharge  3/28/2023-4/27/2023  March   ,2726.5,53.2,1,41.00,25.00,66.50,2726.50,545.30
Bendix Transport,18236133,Office 365 E3 - Office 365 E3 - cycleCharge 3/28/2023-4/27/2023  March   ,6904.4,134.72,1,41.00,25.00,168.40,6904.40,1380.88
Forsyning Helsingør,32059325,Microsoft Defender for Identity - Microsoft Defender for Identity - renew  3/14/2023-3/13/2024  March   ,83870.4,332.16,1,202.00,25.00,415.20,83870.40,16774.08
Forsyning Helsingør,32059325,Microsoft Teams Essentials - Microsoft Teams Essentials - renew  3/14/2023-3/13/2024  March   ,2116.8,241.92,1,7.00,25.00,302.40,2116.80,423.36
make Rehab A/S,42102806,Microsoft 365 Business Premium - Microsoft 365 Business Premium - cycleCharge  3/28/2023-4/27/2023  March   ,692.5,110.8,1,5.00,25.00,138.50,692.50,138.50
PrimeAssurance AS,35513930,Microsoft 365 Business Premium - Microsoft 365 Business Premium - cycleCharge  3/28/2023-4/27/2023  March   ,692.5,110.8,1,5.00,25.00,138.50,692.50,138.50
PrimeAssurance AS,35513930,Microsoft 365 Business Standard - Microsoft 365 Business Standard - cycleCharge  3/28/2023-4/27/2023  March   ,78.7,62.96,1,1.00,25.00,78.70,78.70,15.74
ZINCKTWICE S.M.B.A.,32365361,Microsoft 365 Business Standard - Microsoft 365 Business Standard - cycleCharge  3/1/2023-3/31/2023  March   ,393.5,62.96,1,5.00,25.00,78.70,393.50,78.70
